/*******************************************************************************
 * Size: 18 px
 * Bpp: 1
 * Opts: --font NotoSansSC-Medium.otf --range 0x20-0x7E,0x00B7,0x2013-0x2026,0x3000-0x3030,0x3036-0x303F,0xFF01-0xFF65,0x4E00,0x4E0A,0x4E0B,0x4E0D,0x4E0E,0x4E24,0x4E2A,0x4E2D,0x4E34,0x4E3A,0x4E45,0x4E5F,0x4E66,0x4E86,0x4E8B,0x4E8E,0x4EAB,0x4EAE,0x4EBA,0x4ECE,0x4ED3,0x4ED6,0x4EF6,0x4EFB,0x4F1A,0x4F46,0x4F4E,0x4F53,0x4F55,0x4F5C,0x4F7F,0x4F8B,0x4FBF,0x4FDD,0x4FE1,0x503C,0x505C,0x50A8,0x50CF,0x5148,0x5149,0x514D,0x5165,0x5168,0x5171,0x5173,0x5176,0x5177,0x517C,0x5185,0x518D,0x5199,0x51B2,0x51C6,0x51ED,0x51FA,0x51FD,0x5206,0x5207,0x5212,0x5217,0x521B,0x521D,0x5224,0x5229,0x5230,0x5236,0x5237,0x523B,0x524D,0x529F,0x52A0,0x52A1,0x52A8,0x5316,0x5339,0x533A,0x5347,0x5355,0x5360,0x5373,0x538B,0x539F,0x53CD,0x53D1,0x53D6,0x53D8,0x53E3,0x53EA,0x53EF,0x53F7,0x5404,0x540C,0x540D,0x540E,0x542F,0x544A,0x5468,0x548C,0x5524,0x5668,0x56DE,0x56E0,0x56F4,0x56FA,0x5728,0x5747,0x5757,0x585E,0x586B,0x5904,0x5907,0x590D,0x5916,0x591A,0x591F,0x5927,0x5929,0x592A,0x5931,0x5957,0x59CB,0x5B57,0x5B58,0x5B83,0x5B89,0x5B8C,0x5B9A,0x5B9E,0x5BB9,0x5BC4,0x5BC6,0x5BF9,0x5C0F,0x5C1A,0x5C1D,0x5C42,0x5C4F,0x5C65,0x5DF2,0x5DFE,0x5E26,0x5E38,0x5E55,0x5E73,0x5E76,0x5E7F,0x5E8F,0x5E93,0x5E94,0x5E95,0x5EA6,0x5EFA,0x5F00,0x5F02,0x5F0F,0x5F15,0x5F20,0x5F53,0x5F55,0x5F85,0x5F97,0x5FAE,0x5FC3,0x5FC5,0x603B,0x6062,0x60C5,0x610F,0x6210,0x6216,0x624B,0x624D,0x6253,0x626B,0x627E,0x628A,0x62A5,0x62C9,0x62D2,0x62E9,0x6301,0x6309,0x6311,0x6362,0x636E,0x63A5,0x63A7,0x63A8,0x63CF,0x6458,0x64AD,0x64CD,0x64E6,0x6536,0x653E,0x6545,0x6570,0x6574,0x6587,0x65AD,0x65B0,0x65B9,0x65E0,0x65F6,0x660E,0x662F,0x663E,0x666F,0x6670,0x6682,0x66DC,0x66F4,0x6709,0x671F,0x672A,0x672C,0x673A,0x6742,0x6761,0x6765,0x677F,0x6790,0x679C,0x67E5,0x6807,0x6821,0x6837,0x6838,0x6848,0x684C,0x6A21,0x6A59,0x6B21,0x6B62,0x6B63,0x6B64,0x6B65,0x6BCF,0x6C42,0x6CA1,0x6CD5,0x6CE2,0x6D41,0x6D4B,0x6E05,0x70B9,0x70ED,0x7136,0x7248,0x72EC,0x7406,0x751F,0x7528,0x7531,0x7535,0x7684,0x76F4,0x76F8,0x770B,0x773C,0x7761,0x77E5,0x77ED,0x7801,0x786E,0x793A,0x79CD,0x79D2,0x79F0,0x7A0D,0x7A7A,0x7ACB,0x7B14,0x7B2C,0x7B49,0x7BA1,0x7C4D,0x7D20,0x7D27,0x7EA2,0x7EA7,0x7EAF,0x7EBF,0x7ECF,0x7ED3,0x7EDC,0x7EDD,0x7EE7,0x7EED,0x7F13,0x7F29,0x7F51,0x7F6E,0x7FFB,0x8005,0x800C,0x80CC,0x80FD,0x811A,0x8138,0x81EA,0x8272,0x8282,0x8350,0x83DC,0x8584,0x85CF,0x884C,0x8861,0x8868,0x8981,0x89C1,0x89C6,0x89E3,0x8BA1,0x8BA4,0x8BB0,0x8BBE,0x8BC1,0x8BD5,0x8BE6,0x8BEF,0x8BF7,0x8BFB,0x8C03,0x8C61,0x8D25,0x8D62,0x8D85,0x8DB3,0x8DD1,0x8DEF,0x8F83,0x8F93,0x8FA8,0x8FC7,0x8FD0,0x8FD1,0x8FD4,0x8FD8,0x8FD9,0x8FDB,0x8FDE,0x9000,0x9009,0x90E8,0x90FD,0x914D,0x9192,0x91C7,0x91CA,0x91CC,0x91CD,0x91CF,0x949F,0x94FA,0x9501,0x9510,0x9519,0x952E,0x957F,0x95ED,0x95EE,0x95F4,0x9605,0x961F,0x963B,0x9644,0x9664,0x968F,0x9700,0x9759,0x975E,0x9760,0x9762,0x97F3,0x9875,0x987A,0x987B,0x9891,0x9898,0x9A8C,0x9B13,0x9ED8 --size 18 --bpp 1 --format lvgl --no-compress --no-kerning --lv-font-name linepods_font_ui_18 --lv-include lvgl.h --output /tmp/linepods_font_ui_18.c
 ******************************************************************************/

#ifdef LV_LVGL_H_INCLUDE_SIMPLE
#include "lvgl.h"
#else
#include "lvgl.h"
#endif

#ifndef LINEPODS_FONT_UI_18
#define LINEPODS_FONT_UI_18 1
#endif

#if LINEPODS_FONT_UI_18

/*-----------------
 *    BITMAPS
 *----------------*/

/*Store the image of the glyphs*/
static LV_ATTRIBUTE_LARGE_CONST const uint8_t glyph_bitmap[] = {
    /* U+0020 " " */
    0x0,

    /* U+0021 "!" */
    0xdb, 0x6d, 0xb6, 0xc3, 0xfe,

    /* U+0022 "\"" */
    0xcf, 0x3c, 0xf3, 0xcc,

    /* U+0023 "#" */
    0x31, 0x19, 0x8c, 0xdf, 0xf2, 0x21, 0x10, 0x88,
    0x44, 0xff, 0xb3, 0x19, 0x88, 0xc4, 0x40,

    /* U+0024 "$" */
    0xc, 0x6, 0xf, 0xce, 0x26, 0x3, 0x1, 0xc0,
    0x78, 0x1f, 0x3, 0x80, 0xe0, 0x30, 0x1b, 0x1d,
    0xfc, 0x18, 0xc, 0x0,

    /* U+0025 "%" */
    0x78, 0x30, 0x48, 0x20, 0xcc, 0x60, 0xcc, 0x40,
    0xcc, 0x80, 0xcc, 0x9c, 0x49, 0x36, 0x7b, 0x63,
    0x2, 0x63, 0x4, 0x63, 0x4, 0x63, 0x8, 0x36,
    0x10, 0x1c,

    /* U+0026 "&" */
    0x1e, 0x3, 0x30, 0x33, 0x3, 0x30, 0x36, 0x1,
    0xc0, 0x38, 0x37, 0xc6, 0xe6, 0x6c, 0x3c, 0xc1,
    0xc6, 0x1e, 0x3e, 0x70,

    /* U+0027 "'" */
    0xff, 0xc0,

    /* U+0028 "(" */
    0x3, 0x26, 0x6c, 0xcc, 0xcc, 0xcc, 0xcc, 0x66,
    0x33, 0x0,

    /* U+0029 ")" */
    0xc, 0x46, 0x62, 0x33, 0x33, 0x33, 0x32, 0x66,
    0xcc, 0x0,

    /* U+002A "*" */
    0x10, 0x23, 0xf9, 0xc3, 0x8d, 0x80,

    /* U+002B "+" */
    0x18, 0xc, 0x6, 0x3, 0xf, 0xf8, 0xc0, 0x60,
    0x30, 0x18, 0x0,

    /* U+002C "," */
    0xf3, 0x7e, 0x0,

    /* U+002D "-" */
    0xf8,

    /* U+002E "." */
    0xff, 0x80,

    /* U+002F "/" */
    0x6, 0x8, 0x10, 0x60, 0x81, 0x6, 0xc, 0x10,
    0x20, 0xc1, 0x2, 0xc, 0x18, 0x20, 0x41, 0x80,

    /* U+0030 "0" */
    0x3e, 0x31, 0x98, 0xd8, 0x3c, 0x1e, 0xf, 0x7,
    0x83, 0xc1, 0xe0, 0xd8, 0xcc, 0x63, 0xe0,

    /* U+0031 "1" */
    0x38, 0x78, 0x18, 0x18, 0x18, 0x18, 0x18, 0x18,
    0x18, 0x18, 0x18, 0x18, 0xff,

    /* U+0032 "2" */
    0x7c, 0x63, 0x0, 0xc0, 0x60, 0x30, 0x18, 0x18,
    0x1c, 0xc, 0xe, 0xe, 0xe, 0xf, 0xf8,

    /* U+0033 "3" */
    0x7c, 0x47, 0x3, 0x3, 0x6, 0x3c, 0x6, 0x3,
    0x3, 0x3, 0x3, 0xc6, 0x7c,

    /* U+0034 "4" */
    0x7, 0x7, 0x83, 0xc3, 0x63, 0xb1, 0x99, 0x8d,
    0xc6, 0xff, 0x81, 0x80, 0xc0, 0x60, 0x30,

    /* U+0035 "5" */
    0x7f, 0x60, 0x60, 0x60, 0x60, 0x7c, 0x46, 0x3,
    0x3, 0x3, 0x3, 0xc6, 0x7c,

    /* U+0036 "6" */
    0x1f, 0x18, 0x98, 0x18, 0xc, 0x6, 0xf3, 0x8d,
    0xc3, 0xc1, 0xf0, 0xd8, 0x6e, 0x61, 0xe0,

    /* U+0037 "7" */
    0xff, 0x81, 0x81, 0xc0, 0xc0, 0xc0, 0x60, 0x30,
    0x30, 0x18, 0xc, 0x6, 0x3, 0x1, 0x80,

    /* U+0038 "8" */
    0x1c, 0x33, 0x98, 0xcc, 0x67, 0x31, 0xf0, 0xf0,
    0xce, 0xc3, 0xe0, 0xf0, 0x6c, 0x63, 0xe0,

    /* U+0039 "9" */
    0x3c, 0x33, 0xb0, 0xd8, 0x7c, 0x1e, 0x1d, 0x9e,
    0x7b, 0x1, 0x80, 0x80, 0xc8, 0xc7, 0xc0,

    /* U+003A ":" */
    0xff, 0x80, 0x7, 0xfc,

    /* U+003B ";" */
    0xff, 0x80, 0x0, 0x1d, 0xbc, 0x0,

    /* U+003C "<" */
    0x0, 0x81, 0xc7, 0x9f, 0xc, 0x3, 0xc0, 0x3c,
    0x7, 0x0, 0x0,

    /* U+003D "=" */
    0xff, 0x80, 0x0, 0x0, 0xf, 0xf8,

    /* U+003E ">" */
    0x80, 0x70, 0xf, 0x1, 0xf0, 0x18, 0x79, 0xf1,
    0xc0, 0x0, 0x0,

    /* U+003F "?" */
    0x7c, 0x8c, 0x18, 0x30, 0xe3, 0x86, 0x1c, 0x30,
    0x0, 0xe1, 0xc3, 0x80,

    /* U+0040 "@" */
    0x3, 0xf0, 0xc, 0x1c, 0x18, 0xe, 0x30, 0x6,
    0x63, 0xe3, 0x66, 0x63, 0xc6, 0x63, 0xcc, 0x63,
    0xcc, 0x43, 0xcc, 0x46, 0xcc, 0xe6, 0xc7, 0x38,
    0x60, 0x0, 0x70, 0x0, 0x38, 0x20, 0xf, 0xe0,

    /* U+0041 "A" */
    0xe, 0x1, 0xc0, 0x2c, 0xd, 0x81, 0xb0, 0x23,
    0xc, 0x61, 0x8c, 0x3f, 0xcc, 0x19, 0x83, 0x30,
    0x3c, 0x6,

    /* U+0042 "B" */
    0xfe, 0x61, 0xb0, 0x78, 0x3c, 0x1e, 0x1b, 0xf9,
    0x86, 0xc1, 0xe0, 0xf0, 0x78, 0x6f, 0xe0,

    /* U+0043 "C" */
    0x1f, 0x8c, 0x66, 0x1, 0x80, 0xc0, 0x30, 0xc,
    0x3, 0x0, 0xc0, 0x10, 0x6, 0x0, 0xc3, 0x1f,
    0x80,

    /* U+0044 "D" */
    0xfc, 0x30, 0xcc, 0x1b, 0x7, 0xc0, 0xf0, 0x3c,
    0xf, 0x3, 0xc0, 0xf0, 0x6c, 0x1b, 0xc, 0xfc,
    0x0,

    /* U+0045 "E" */
    0xff, 0xc0, 0xc0, 0xc0, 0xc0, 0xc0, 0xfe, 0xc0,
    0xc0, 0xc0, 0xc0, 0xc0, 0xff,

    /* U+0046 "F" */
    0xff, 0xc0, 0xc0, 0xc0, 0xc0, 0xc0, 0xfe, 0xc0,
    0xc0, 0xc0, 0xc0, 0xc0, 0xc0,

    /* U+0047 "G" */
    0x1f, 0x8c, 0x26, 0x1, 0x80, 0xc0, 0x30, 0xc,
    0x7f, 0x3, 0xc0, 0xd0, 0x36, 0xc, 0xc3, 0x1f,
    0x80,

    /* U+0048 "H" */
    0xc0, 0xf0, 0x3c, 0xf, 0x3, 0xc0, 0xf0, 0x3f,
    0xff, 0x3, 0xc0, 0xf0, 0x3c, 0xf, 0x3, 0xc0,
    0xc0,

    /* U+0049 "I" */
    0xff, 0xff, 0xff, 0xc0,

    /* U+004A "J" */
    0x3, 0x3, 0x3, 0x3, 0x3, 0x3, 0x3, 0x3,
    0x3, 0x3, 0x3, 0x66, 0x3c,

    /* U+004B "K" */
    0xc1, 0xb0, 0xcc, 0x63, 0x38, 0xdc, 0x37, 0xf,
    0xc3, 0x98, 0xe6, 0x30, 0xcc, 0x3b, 0x6, 0xc1,
    0xc0,

    /* U+004C "L" */
    0xc0, 0xc0, 0xc0, 0xc0, 0xc0, 0xc0, 0xc0, 0xc0,
    0xc0, 0xc0, 0xc0, 0xc0, 0xff,

    /* U+004D "M" */
    0xe0, 0x7e, 0x7, 0xe0, 0xff, 0xf, 0xf0, 0xbd,
    0x9b, 0xd9, 0xbc, 0x93, 0xcf, 0x3c, 0xe3, 0xc6,
    0x3c, 0x63, 0xc0, 0x30,

    /* U+004E "N" */
    0xc0, 0xf8, 0x3f, 0xf, 0x43, 0xd8, 0xf2, 0x3c,
    0xcf, 0x1b, 0xc6, 0xf0, 0xfc, 0x3f, 0x7, 0xc0,
    0xc0,

    /* U+004F "O" */
    0x1f, 0x6, 0x31, 0x83, 0x60, 0x2c, 0x7, 0x80,
    0xf0, 0x1e, 0x3, 0xc0, 0x78, 0x19, 0x83, 0x18,
    0xc1, 0xf0,

    /* U+0050 "P" */
    0xfe, 0x61, 0xb0, 0x78, 0x3c, 0x1e, 0xf, 0xd,
    0xfc, 0xc0, 0x60, 0x30, 0x18, 0xc, 0x0,

    /* U+0051 "Q" */
    0x1f, 0x6, 0x31, 0x83, 0x60, 0x2c, 0x7, 0x80,
    0xf0, 0x1e, 0x3, 0xc0, 0x7c, 0x1d, 0x83, 0x1d,
    0xe1, 0xf8, 0xc, 0x0, 0xc0, 0xf,

    /* U+0052 "R" */
    0xfe, 0x61, 0xb0, 0x78, 0x3c, 0x1e, 0x1b, 0xf9,
    0x9c, 0xc6, 0x63, 0xb0, 0xd8, 0x7c, 0x18,

    /* U+0053 "S" */
    0x1f, 0x8c, 0x66, 0x1, 0x80, 0x78, 0x1f, 0x81,
    0xf8, 0x1f, 0x1, 0xc0, 0x34, 0xd, 0x86, 0x3f,
    0x0,

    /* U+0054 "T" */
    0xff, 0xc3, 0x0, 0xc0, 0x30, 0xc, 0x3, 0x0,
    0xc0, 0x30, 0xc, 0x3, 0x0, 0xc0, 0x30, 0xc,
    0x0,

    /* U+0055 "U" */
    0xc0, 0xf0, 0x3c, 0xf, 0x3, 0xc0, 0xf0, 0x3c,
    0xf, 0x3, 0xc0, 0xf0, 0x34, 0x9, 0x86, 0x1e,
    0x0,

    /* U+0056 "V" */
    0xc0, 0xfc, 0x19, 0x83, 0x30, 0x67, 0x18, 0x63,
    0xc, 0x61, 0x98, 0x1b, 0x3, 0x60, 0x68, 0x7,
    0x0, 0xe0,

    /* U+0057 "W" */
    0x61, 0x83, 0x61, 0x86, 0x61, 0xc6, 0x63, 0xc6,
    0x63, 0xc6, 0x32, 0x46, 0x32, 0x6c, 0x36, 0x6c,
    0x36, 0x6c, 0x34, 0x2c, 0x14, 0x3c, 0x1c, 0x38,
    0x1c, 0x38,

    /* U+0058 "X" */
    0x60, 0xdc, 0x63, 0x18, 0xec, 0x1b, 0x3, 0x80,
    0xe0, 0x78, 0x1b, 0xc, 0xc3, 0x19, 0x87, 0x60,
    0xc0,

    /* U+0059 "Y" */
    0xc0, 0xd8, 0x66, 0x18, 0xcc, 0x33, 0x7, 0x81,
    0xe0, 0x30, 0xc, 0x3, 0x0, 0xc0, 0x30, 0xc,
    0x0,

    /* U+005A "Z" */
    0xff, 0x81, 0xc1, 0xc0, 0xc0, 0xe0, 0x60, 0x60,
    0x30, 0x30, 0x18, 0x18, 0x18, 0xf, 0xf8,

    /* U+005B "[" */
    0xfc, 0xcc, 0xcc, 0xcc, 0xcc, 0xcc, 0xcc, 0xcc,
    0xf0,

    /* U+005C "\\" */
    0x40, 0x81, 0x83, 0x2, 0x4, 0xc, 0x18, 0x10,
    0x30, 0x60, 0x40, 0x81, 0x83, 0x2, 0x6, 0xc,

    /* U+005D "]" */
    0xf3, 0x33, 0x33, 0x33, 0x33, 0x33, 0x33, 0x33,
    0xf0,

    /* U+005E "^" */
    0x18, 0x1c, 0x3c, 0x34, 0x26, 0x66, 0x43, 0xc3,

    /* U+005F "_" */
    0xff, 0xc0,

    /* U+0060 "`" */
    0x47, 0x1c, 0x70, 0x0,

    /* U+0061 "a" */
    0x7c, 0x46, 0x3, 0x7, 0x3f, 0xf3, 0xc3, 0xc3,
    0xc7, 0x7f,

    /* U+0062 "b" */
    0xc0, 0x60, 0x30, 0x18, 0xd, 0xe7, 0x1b, 0x7,
    0x83, 0xc1, 0xe0, 0xf0, 0x78, 0x6e, 0x37, 0xf0,

    /* U+0063 "c" */
    0x1e, 0x62, 0x60, 0xc0, 0xc0, 0xc0, 0xc0, 0x60,
    0x62, 0x1e,

    /* U+0064 "d" */
    0x1, 0x80, 0xc0, 0x60, 0x33, 0xfb, 0x1f, 0x87,
    0x83, 0xc1, 0xe0, 0xf0, 0x78, 0x36, 0x39, 0xfc,

    /* U+0065 "e" */
    0x1e, 0x31, 0x90, 0x78, 0x3f, 0xfe, 0x3, 0x0,
    0xc0, 0x71, 0xf, 0x80,

    /* U+0066 "f" */
    0x3d, 0x86, 0x18, 0xf9, 0x86, 0x18, 0x61, 0x86,
    0x18, 0x61, 0x80,

    /* U+0067 "g" */
    0x3f, 0xf3, 0xb0, 0xd8, 0x66, 0x61, 0xe3, 0x1,
    0x80, 0xc0, 0x3f, 0xb0, 0x78, 0x3e, 0x33, 0xf0,

    /* U+0068 "h" */
    0xc0, 0xc0, 0xc0, 0xc0, 0xde, 0xe3, 0xc3, 0xc3,
    0xc3, 0xc3, 0xc3, 0xc3, 0xc3, 0xc3,

    /* U+0069 "i" */
    0xc0, 0xff, 0xff, 0xf0,

    /* U+006A "j" */
    0x30, 0x0, 0x33, 0x33, 0x33, 0x33, 0x33, 0x33,
    0x3e,

    /* U+006B "k" */
    0xc0, 0x60, 0x30, 0x18, 0xc, 0x76, 0x33, 0x31,
    0xb0, 0xf8, 0x7e, 0x3b, 0x18, 0xcc, 0x76, 0x18,

    /* U+006C "l" */
    0xdb, 0x6d, 0xb6, 0xdb, 0x6c, 0xc0,

    /* U+006D "m" */
    0xde, 0x7b, 0x9e, 0x7c, 0x30, 0xf0, 0xc3, 0xc3,
    0xf, 0xc, 0x3c, 0x30, 0xf0, 0xc3, 0xc3, 0xf,
    0xc, 0x30,

    /* U+006E "n" */
    0xde, 0xe3, 0xc3, 0xc3, 0xc3, 0xc3, 0xc3, 0xc3,
    0xc3, 0xc3,

    /* U+006F "o" */
    0x3c, 0x31, 0x90, 0x58, 0x3c, 0x1e, 0xf, 0x6,
    0x82, 0x63, 0x1f, 0x0,

    /* U+0070 "p" */
    0xfe, 0x71, 0xb0, 0x78, 0x3c, 0x1e, 0xf, 0x7,
    0x86, 0xe3, 0x7f, 0x30, 0x18, 0xc, 0x6, 0x0,

    /* U+0071 "q" */
    0x3f, 0xb1, 0xf8, 0x78, 0x3c, 0x1e, 0xf, 0x7,
    0x83, 0x63, 0x9f, 0xc0, 0x60, 0x30, 0x18, 0xc,

    /* U+0072 "r" */
    0xdf, 0x8c, 0x30, 0xc3, 0xc, 0x30, 0xc3, 0x0,

    /* U+0073 "s" */
    0x3e, 0x62, 0x60, 0x70, 0x3e, 0x1f, 0x7, 0x3,
    0x43, 0x7c,

    /* U+0074 "t" */
    0x61, 0x86, 0x3f, 0x61, 0x86, 0x18, 0x61, 0x86,
    0x18, 0x3c,

    /* U+0075 "u" */
    0xc3, 0xc3, 0xc3, 0xc3, 0xc3, 0xc3, 0xc3, 0xc3,
    0xe7, 0x7b,

    /* U+0076 "v" */
    0xe1, 0x98, 0x66, 0x19, 0x8c, 0x33, 0xc, 0xc3,
    0x20, 0x78, 0x1e, 0x3, 0x0,

    /* U+0077 "w" */
    0x63, 0x8d, 0x8e, 0x36, 0x28, 0xd8, 0xa3, 0x36,
    0xd8, 0xdb, 0x63, 0x4d, 0x8d, 0x16, 0x1c, 0x70,
    0x71, 0xc0,

    /* U+0078 "x" */
    0x61, 0xb9, 0x8c, 0x83, 0xc1, 0xc0, 0xe0, 0xd8,
    0x6e, 0x63, 0x30, 0xc0,

    /* U+0079 "y" */
    0xe1, 0x98, 0x66, 0x18, 0xc4, 0x33, 0xc, 0xc1,
    0xa0, 0x78, 0x1e, 0x3, 0x0, 0xc0, 0x20, 0x18,
    0x1c, 0x0,

    /* U+007A "z" */
    0x7f, 0x7, 0xe, 0xc, 0x1c, 0x38, 0x38, 0x70,
    0x60, 0xff,

    /* U+007B "{" */
    0x1c, 0xc3, 0xc, 0x30, 0xc3, 0xc, 0xe0, 0xc3,
    0xc, 0x30, 0xc3, 0xc, 0x1c,

    /* U+007C "|" */
    0xff, 0xff, 0xff, 0xff, 0xff,

    /* U+007D "}" */
    0xe1, 0x8c, 0x63, 0x18, 0xc6, 0x19, 0x8c, 0x63,
    0x18, 0xc6, 0xe0,

    /* U+007E "~" */
    0x71, 0x4c, 0xa1, 0x80,

    /* U+00B7 "·" */
    0x6f, 0xf6,

    /* U+2013 "–" */
    0xff,

    /* U+2014 "—" */
    0xff, 0xfc,

    /* U+2015 "―" */
    0xff, 0xff,

    /* U+2016 "‖" */
    0x99, 0x99, 0x99, 0x99, 0x99, 0x99, 0x99, 0x99,
    0x90,

    /* U+2018 "‘" */
    0x3a, 0x70,

    /* U+2019 "’" */
    0xed, 0xc0,

    /* U+201A "‚" */
    0x73, 0x7e,

    /* U+201C "“" */
    0x25, 0x9a, 0x27, 0x70,

    /* U+201D "”" */
    0xed, 0x96, 0xe2,

    /* U+201E "„" */
    0x73, 0x98, 0xdc, 0x7c, 0xe0,

    /* U+2020 "†" */
    0xc, 0x3, 0x0, 0xc0, 0x30, 0xc, 0x3f, 0xf0,
    0xc0, 0x30, 0xc, 0x3, 0x0, 0xc0, 0x30, 0xc,
    0x3, 0x0, 0xc0,

    /* U+2021 "‡" */
    0xc, 0x3, 0x0, 0xc0, 0x30, 0xc, 0x3f, 0xf0,
    0xc0, 0x30, 0xc, 0x3, 0xf, 0xfc, 0x30, 0xc,
    0x3, 0x0, 0xc0,

    /* U+2022 "•" */
    0x6f, 0xf6,

    /* U+2025 "‥" */
    0xc0, 0x60,

    /* U+2026 "…" */
    0xc3, 0xc,

    /* U+3000 "　" */
    0x0,

    /* U+3001 "、" */
    0x47, 0x1c, 0x71, 0x0,

    /* U+3002 "。" */
    0x7b, 0x38, 0x73, 0x78,

    /* U+3003 "〃" */
    0x10, 0xcc, 0x33, 0x19, 0x86, 0x61, 0x18, 0xcc,
    0x23, 0x18, 0x80, 0x0,

    /* U+3004 "〄" */
    0x3, 0x80, 0x6, 0x4, 0xc, 0x3, 0x84, 0x1,
    0x44, 0x0, 0x96, 0x4, 0x4e, 0x3, 0x43, 0x1,
    0x41, 0x80, 0x80, 0xc3, 0xc0, 0x61, 0x20, 0x68,
    0x80, 0x24, 0x20, 0x31, 0x10, 0x30, 0xc8, 0x60,
    0x1c, 0xc0,

    /* U+3005 "々" */
    0x4, 0x0, 0x30, 0x1, 0x80, 0x18, 0x0, 0xff,
    0x8c, 0xc, 0xc0, 0xc6, 0x6, 0x60, 0x66, 0x77,
    0x1, 0xf0, 0x3, 0x80, 0xf, 0x0, 0x10,

    /* U+3006 "〆" */
    0x0, 0x18, 0x1, 0xc0, 0xc, 0x30, 0xc1, 0xcc,
    0x7, 0xe0, 0xe, 0x0, 0x78, 0x6, 0xf6, 0x61,
    0xf7, 0x5, 0xf0, 0xf, 0x0, 0x70, 0x3, 0x80,
    0x0,

    /* U+3007 "〇" */
    0x3, 0xe0, 0x7, 0xfc, 0xf, 0x7, 0x8e, 0x0,
    0xe6, 0x0, 0x37, 0x0, 0x1f, 0x0, 0x7, 0x80,
    0x3, 0xc0, 0x1, 0xe0, 0x0, 0xf0, 0x0, 0x6c,
    0x0, 0x66, 0x0, 0x31, 0x80, 0x30, 0x70, 0x60,
    0xf, 0xe0,

    /* U+3008 "〈" */
    0x6, 0x8, 0x30, 0xc1, 0x6, 0x18, 0x30, 0x40,
    0xc0, 0xc1, 0x81, 0x81, 0x83, 0x3, 0x0,

    /* U+3009 "〉" */
    0xc0, 0x81, 0x81, 0x81, 0x3, 0x3, 0x6, 0x4,
    0x18, 0x60, 0xc3, 0xc, 0x18, 0x60, 0x0,

    /* U+300A "《" */
    0x9, 0x1b, 0x12, 0x16, 0x24, 0x24, 0x68, 0x48,
    0x48, 0x48, 0x6c, 0x24, 0x36, 0x12, 0x1b, 0x9,
    0x8,

    /* U+300B "》" */
    0x90, 0xd8, 0x48, 0x68, 0x24, 0x24, 0x36, 0x12,
    0x12, 0x12, 0x34, 0x24, 0x6c, 0x48, 0xd8, 0x90,
    0x10,

    /* U+300C "「" */
    0xff, 0xc, 0x30, 0xc3, 0xc, 0x30, 0xc3, 0xc,
    0x0,

    /* U+300D "」" */
    0xc, 0x30, 0xc3, 0xc, 0x30, 0xc3, 0xc, 0x3f,
    0xc0,

    /* U+300E "『" */
    0xff, 0x6, 0x7c, 0x89, 0x12, 0x24, 0x48, 0x91,
    0x22, 0x47, 0x80,

    /* U+300F "』" */
    0x1e, 0x24, 0x48, 0x91, 0x22, 0x44, 0x89, 0xf3,
    0x7, 0xf8,

    /* U+3010 "【" */
    0xfb, 0xce, 0x38, 0xe3, 0xc, 0x30, 0xc3, 0xc,
    0x38, 0xe3, 0xcf, 0x3e,

    /* U+3011 "】" */
    0x7c, 0xf3, 0xc7, 0x1c, 0x30, 0xc3, 0xc, 0x30,
    0xc7, 0x1c, 0x73, 0xdf,

    /* U+3012 "〒" */
    0xff, 0xf0, 0x0, 0x0, 0x0, 0x0, 0xff, 0xf0,
    0x60, 0x6, 0x0, 0x60, 0x6, 0x0, 0x60, 0x6,
    0x0, 0x60,

    /* U+3013 "〓" */
    0xff, 0xff, 0xff, 0xff, 0xff, 0xff, 0xff, 0xff,
    0xfc, 0x0, 0x0, 0x0, 0x0, 0x0, 0x0, 0x3,
    0xff, 0xff, 0xff, 0xff, 0xff, 0xff, 0xff, 0xff,
    0xf0,

    /* U+3014 "〔" */
    0x0, 0xdd, 0x8c, 0x63, 0x18, 0xc6, 0x31, 0x8c,
    0x63, 0x1c, 0x38, 0x40,

    /* U+3015 "〕" */
    0x6, 0x1c, 0x31, 0x8c, 0x63, 0x18, 0xc6, 0x31,
    0x8c, 0x67, 0xe4, 0x0,

    /* U+3016 "〖" */
    0xff, 0x12, 0x45, 0xa, 0x18, 0x30, 0x60, 0xc1,
    0x83, 0x5, 0xa, 0x12, 0x22, 0x7f,

    /* U+3017 "〗" */
    0xff, 0x12, 0x45, 0x14, 0x30, 0xc3, 0xc, 0x30,
    0xc5, 0x14, 0x94, 0x7f,

    /* U+3018 "〘" */
    0x0, 0x66, 0x62, 0xb2, 0x8a, 0x28, 0xa2, 0x8a,
    0x28, 0xa2, 0x89, 0x33, 0x28, 0x60,

    /* U+3019 "〙" */
    0x41, 0x89, 0x91, 0x34, 0x51, 0x45, 0x14, 0x51,
    0x45, 0x14, 0x56, 0x63, 0x91, 0x80,

    /* U+301A "〚" */
    0xfd, 0x29, 0x4a, 0x52, 0x94, 0xa5, 0x29, 0x4a,
    0x52, 0x9f,

    /* U+301B "〛" */
    0xf9, 0x4a, 0x52, 0x94, 0xa5, 0x29, 0x4a, 0x52,
    0x94, 0xbf,

    /* U+301C "〜" */
    0x3e, 0x0, 0x7f, 0x2, 0xe3, 0xc7, 0x40, 0xfe,
    0x0, 0x7c,

    /* U+301D "〝" */
    0xc3, 0xe, 0x1e, 0x18, 0x60,

    /* U+301E "〞" */
    0x19, 0xb9, 0x3, 0xb3, 0x0,

    /* U+301F "〟" */
    0x87, 0xe, 0x2c, 0x38, 0xe0,

    /* U+3020 "〠" */
    0x3f, 0xfe, 0x0, 0x0, 0x0, 0x0, 0x7, 0xff,
    0xc0, 0x18, 0x6, 0xc, 0x2e, 0x66, 0x73, 0x33,
    0x29, 0x59, 0x9f, 0x14, 0x9, 0xd, 0x99, 0x83,
    0xb3, 0x80, 0x7f, 0x0,

    /* U+3021 "〡" */
    0xff, 0xff, 0xff, 0xfc,

    /* U+3022 "〢" */
    0x6, 0xf, 0x1e, 0x3c, 0x78, 0xf1, 0xe3, 0xc7,
    0x8f, 0x1e, 0x3c, 0x60, 0xc1, 0x80,

    /* U+3023 "〣" */
    0xc0, 0x78, 0xcf, 0x19, 0xe3, 0x3c, 0x67, 0x8c,
    0xf1, 0x9e, 0x33, 0xc6, 0x78, 0xcf, 0x19, 0xe0,
    0x3c, 0x6, 0x0, 0xc0, 0x18,

    /* U+3024 "〤" */
    0x0, 0x18, 0x40, 0x63, 0x83, 0x7, 0xc, 0xe,
    0x30, 0x1d, 0x80, 0x3e, 0x0, 0x70, 0x1, 0xe0,
    0xf, 0xc0, 0x73, 0x87, 0x86, 0x78, 0xf, 0xc0,
    0x24, 0x0, 0x0,

    /* U+3025 "〥" */
    0x30, 0x1c, 0xc6, 0x39, 0x86, 0xc1, 0xbc, 0xc1,
    0xe0, 0xfc, 0x63, 0xb0, 0x6c, 0xb, 0x6, 0x63,
    0x8f, 0x80,

    /* U+3026 "〦" */
    0x1, 0x80, 0x1, 0x80, 0x1, 0x80, 0x1, 0x80,
    0x0, 0x0, 0xff, 0xff,

    /* U+3027 "〧" */
    0x1, 0x80, 0x1, 0x80, 0x1, 0x80, 0x0, 0x0,
    0xff, 0xff, 0x0, 0x0, 0x0, 0x0, 0x0, 0x0,
    0x0, 0x0, 0x0, 0x0, 0x1f, 0xf8,

    /* U+3028 "〨" */
    0x1, 0x0, 0x2, 0x0, 0x4, 0x0, 0x0, 0xf,
    0xff, 0xe0, 0x0, 0x0, 0x0, 0x0, 0x0, 0x3f,
    0xf0, 0x0, 0x0, 0x0, 0x0, 0x0, 0x0, 0x0,
    0x1f, 0xff, 0xc0,

    /* U+3029 "〩" */
    0x1, 0x80, 0x1, 0x80, 0x3f, 0xfc, 0x0, 0x18,
    0x30, 0x18, 0x18, 0x38, 0x1c, 0x30, 0xe, 0x60,
    0x7, 0xc0, 0x1, 0xc0, 0x7, 0xe0, 0x1e, 0x78,
    0xf8, 0x1e, 0x60, 0x6,

    /* U+302A "〪" */
    0x69, 0x96,

    /* U+302B "〫" */
    0x69, 0x60,

    /* U+302C "〬" */
    0x69, 0x60,

    /* U+302D "〭" */
    0x69, 0x96,

    /* U+302E "〮" */
    0xff, 0x80,

    /* U+302F "〯" */
    0xff, 0x8f, 0xf8,

    /* U+3030 "〰" */
    0xc1, 0xe0, 0xd0, 0x48, 0x22, 0x21, 0x10, 0x88,
    0x44, 0x1c, 0xe, 0x0,

    /* U+3036 "〶" */
    0x3, 0xe0, 0x6, 0xc, 0xc, 0x1, 0x8c, 0x0,
    0x64, 0xff, 0xd4, 0x0, 0xe, 0x0, 0x3, 0x1f,
    0xf9, 0x80, 0xc0, 0xc0, 0x60, 0x60, 0x30, 0x68,
    0x18, 0x26, 0xc, 0x31, 0x86, 0x30, 0x70, 0x60,
    0xf, 0xe0,

    /* U+3037 "〷" */
    0x1, 0x1, 0xb1, 0x90, 0xc8, 0xcc, 0x46, 0x42,
    0x63, 0x61, 0xb0, 0xf0, 0x50, 0x70, 0x38, 0x18,
    0x1c, 0xc, 0x6, 0x6, 0x7, 0x7, 0x82, 0x82,
    0xc3, 0x63, 0x21, 0xb1, 0x19, 0x8d, 0x8c, 0xc6,
    0x82, 0xc1, 0x0, 0x0, 0x0,

    /* U+3038 "〸" */
    0x1, 0x80, 0x1, 0x80, 0x1, 0x80, 0x1, 0x80,
    0x1, 0x80, 0xff, 0xff, 0x1, 0x80, 0x1, 0x80,
    0x1, 0x80, 0x1, 0x80, 0x1, 0x80, 0x1, 0x80,
    0x1, 0x80, 0x1, 0x80, 0x1, 0x80,

    /* U+3039 "〹" */
    0xc, 0x30, 0xc, 0x30, 0xc, 0x30, 0xc, 0x30,
    0xff, 0xff, 0xc, 0x30, 0xc, 0x30, 0xc, 0x30,
    0xc, 0x30, 0xc, 0x30, 0xc, 0x30, 0xc, 0x30,
    0xc, 0x30, 0xc, 0x30, 0xc, 0x30,

    /* U+303A "〺" */
    0x19, 0x8c, 0x19, 0x8c, 0x19, 0x8c, 0x19, 0x8c,
    0x19, 0x8c, 0xff, 0xff, 0x19, 0x8c, 0x19, 0x8c,
    0x19, 0x8c, 0x11, 0x8c, 0x31, 0x8c, 0x31, 0x8c,
    0x21, 0x8c, 0x61, 0x8c, 0x40, 0xc,

    /* U+303B "〻" */
    0x20, 0x30, 0xc, 0x3, 0x0, 0xe0, 0x3c, 0x3d,
    0xf0, 0x60, 0x38, 0xe, 0x3, 0x80, 0x78, 0x3c,
    0x70, 0x60,

    /* U+303C "〼" */
    0xff, 0xfe, 0x0, 0x38, 0x1, 0x60, 0x9, 0x80,
    0x46, 0x2, 0x18, 0x10, 0x60, 0x81, 0x84, 0x6,
    0x20, 0x19, 0x0, 0x68, 0x1, 0xc0, 0x7, 0xff,
    0xf0,

    /* U+303D "〽" */
    0x3, 0x0, 0xe9, 0x2, 0x32, 0x0, 0x4, 0x0,
    0x4, 0x0, 0x8, 0x0, 0x8, 0x0, 0x10, 0x0,
    0x10, 0x0, 0x10, 0x0, 0x20, 0x0, 0x20, 0x0,
    0x20,

    /* U+303E "〾" */
    0xdb, 0x6d, 0xc0, 0x0, 0x40, 0x0, 0x10, 0x0,
    0x10, 0x79, 0x0, 0x63, 0x82, 0x0, 0x2, 0x0,
    0x80, 0x7, 0xf0, 0x40, 0x40, 0x41, 0xfc, 0x0,
    0x20, 0x8, 0x0, 0x8, 0x0, 0x2, 0x0, 0x3,
    0xb6, 0xdb,

    /* U+303F "〿" */
    0xff, 0xe0, 0x1a, 0x16, 0x85, 0x92, 0x63, 0x18,
    0xc6, 0x31, 0x94, 0x64, 0x9a, 0x16, 0x85, 0x80,
    0x7f, 0xf0,

    /* U+4E00 "一" */
    0xff, 0xff, 0xff, 0xff, 0xc0,

    /* U+4E0A "上" */
    0x1, 0x0, 0x1, 0x0, 0x1, 0x0, 0x1, 0x0,
    0x1, 0x0, 0x1, 0x0, 0x1, 0xfe, 0x1, 0x0,
    0x1, 0x0, 0x1, 0x0, 0x1, 0x0, 0x1, 0x0,
    0x1, 0x0, 0x1, 0x0, 0xff, 0xff,

    /* U+4E0B "下" */
    0xff, 0xff, 0x1, 0x80, 0x1, 0x80, 0x1, 0x80,
    0x1, 0xc0, 0x1, 0xf0, 0x1, 0xbc, 0x1, 0x8e,
    0x1, 0x84, 0x1, 0x80, 0x1, 0x80, 0x1, 0x80,
    0x1, 0x80, 0x1, 0x80, 0x1, 0x80,

    /* U+4E0D "不" */
    0x7f, 0xff, 0x80, 0x18, 0x0, 0xc, 0x0, 0x7,
    0x0, 0x3, 0xd0, 0x1, 0xf7, 0x0, 0xec, 0xe0,
    0x73, 0x1c, 0x78, 0xc3, 0x98, 0x30, 0x20, 0xc,
    0x0, 0x3, 0x0, 0x0, 0xc0, 0x0, 0x30, 0x0,
    0xc, 0x0,

    /* U+4E0E "与" */
    0x18, 0x0, 0x30, 0x0, 0x7f, 0xf8, 0xc0, 0x1,
    0x0, 0x6, 0x0, 0xc, 0x0, 0x1f, 0xff, 0x0,
    0x6, 0x0, 0xc, 0x0, 0x1f, 0xff, 0x20, 0x0,
    0x40, 0x1, 0x80, 0x3, 0x0, 0x7c,

    /* U+4E24 "两" */
    0xff, 0xff, 0x4, 0x60, 0x4, 0x60, 0x4, 0x60,
    0x7f, 0xfe, 0x44, 0x62, 0x44, 0x62, 0x46, 0x62,
    0x4f, 0x72, 0x4f, 0x5a, 0x58, 0xce, 0x59, 0x8a,
    0x70, 0x82, 0x40, 0x2, 0x40, 0x1e,

    /* U+4E2A "个" */
    0x0, 0x0, 0x0, 0x30, 0x0, 0xe, 0x0, 0x7,
    0xc0, 0x7, 0x38, 0x3, 0x87, 0x3, 0xcc, 0xf1,
    0xc3, 0xf, 0x60, 0xc0, 0x80, 0x30, 0x0, 0xc,
    0x0, 0x3, 0x0, 0x0, 0xc0, 0x0, 0x30, 0x0,
    0xc, 0x0, 0x3, 0x0, 0x0, 0xc0, 0x0,

    /* U+4E2D "中" */
    0x3, 0x0, 0xc, 0x0, 0x30, 0x3f, 0xff, 0xc3,
    0xf, 0xc, 0x3c, 0x30, 0xf0, 0xc3, 0xc3, 0xf,
    0xff, 0xfc, 0x30, 0xc0, 0xc0, 0x3, 0x0, 0xc,
    0x0, 0x30, 0x0, 0xc0,

    /* U+4E34 "临" */
    0x18, 0xc0, 0x18, 0x80, 0xd9, 0xff, 0xd9, 0x0,
    0xdb, 0x70, 0xde, 0x38, 0xd8, 0x18, 0xd8, 0x0,
    0xdb, 0xff, 0xdb, 0x33, 0xdb, 0x33, 0xdb, 0x33,
    0xdb, 0x33, 0xdb, 0x33, 0x1b, 0xff, 0x1b, 0x3,

    /* U+4E3A "为" */
    0x3, 0x0, 0x66, 0x0, 0x6c, 0x0, 0x98, 0xf,
    0xff, 0xe0, 0x60, 0xc1, 0xc1, 0x83, 0x3, 0x6,
    0xc6, 0x1c, 0xcc, 0x31, 0x98, 0xc1, 0x31, 0x80,
    0x66, 0x0, 0xf8, 0x3, 0x60, 0x3e,

    /* U+4E45 "久" */
    0x2, 0x0, 0x1, 0x80, 0x0, 0x60, 0x0, 0x3f,
    0xe0, 0xc, 0x30, 0x6, 0xc, 0x3, 0x6, 0x1,
    0xc1, 0x80, 0x60, 0xe0, 0x0, 0x7c, 0x0, 0x1b,
    0x80, 0xc, 0x60, 0xe, 0xc, 0x7, 0x1, 0x87,
    0x80, 0x38, 0x80, 0x6,

    /* U+4E5F "也" */
    0x0, 0xc0, 0x18, 0xc0, 0x18, 0xc0, 0x18, 0xce,
    0x18, 0xfe, 0x1b, 0xe6, 0x3f, 0xc6, 0xf8, 0xc6,
    0x98, 0xc6, 0x18, 0xc6, 0x18, 0xdc, 0x18, 0xc1,
    0x18, 0x1, 0x18, 0x1, 0x18, 0x3, 0xf, 0xfe,

    /* U+4E66 "书" */
    0x3, 0x0, 0x1, 0x87, 0x0, 0xc0, 0xcf, 0xff,
    0xa0, 0x30, 0xc0, 0x18, 0x60, 0xc, 0x30, 0x6,
    0x18, 0xff, 0xff, 0x81, 0x80, 0x80, 0xc0, 0x40,
    0x60, 0x20, 0x30, 0x30, 0x18, 0x18, 0xc, 0xf8,
    0x6, 0x0,

    /* U+4E86 "了" */
    0xff, 0xfc, 0x0, 0xe0, 0x7, 0x0, 0x38, 0x3,
    0xc0, 0xc, 0x0, 0x30, 0x0, 0xc0, 0x3, 0x0,
    0xc, 0x0, 0x30, 0x0, 0xc0, 0x3, 0x0, 0xc,
    0x1, 0xe0, 0x0,

    /* U+4E8B "事" */
    0x1, 0x80, 0xff, 0xff, 0x1, 0x80, 0x3f, 0xfc,
    0x31, 0x8c, 0x31, 0x8c, 0x3f, 0xfc, 0x1, 0x80,
    0x7f, 0xfc, 0x1, 0x8c, 0xff, 0xff, 0x1, 0x8c,
    0x1, 0x8c, 0x7f, 0xfc, 0x1, 0x8c, 0x7, 0x0,

    /* U+4E8E "于" */
    0x7f, 0xfe, 0x1, 0x80, 0x1, 0x80, 0x1, 0x80,
    0x1, 0x80, 0x1, 0x80, 0xff, 0xff, 0x1, 0x80,
    0x1, 0x80, 0x1, 0x80, 0x1, 0x80, 0x1, 0x80,
    0x1, 0x80, 0xf, 0x80, 0xf, 0x0,

    /* U+4EAB "享" */
    0x0, 0x0, 0x1, 0x80, 0xff, 0xff, 0x0, 0x0,
    0x0, 0x0, 0x3f, 0xfc, 0x30, 0xc, 0x3f, 0xfc,
    0x0, 0x0, 0x0, 0x0, 0x3f, 0xfc, 0x0, 0x78,
    0x1, 0xc0, 0xff, 0xff, 0x1, 0x80, 0x1, 0x80,
    0xf, 0x0,

    /* U+4EAE "亮" */
    0x1, 0x0, 0x1, 0x80, 0xff, 0xff, 0x0, 0x0,
    0x1f, 0xfc, 0x10, 0xc, 0x1f, 0xfc, 0x0, 0x0,
    0xff, 0xff, 0xc0, 0x3, 0xc0, 0x3, 0xf, 0xf0,
    0xc, 0x30, 0x8, 0x33, 0x18, 0x33, 0xe0, 0x3e,

    /* U+4EBA "人" */
    0x1, 0x80, 0x0, 0xc0, 0x0, 0x60, 0x0, 0x30,
    0x0, 0x18, 0x0, 0x1c, 0x0, 0xf, 0x0, 0x7,
    0x80, 0x3, 0xc0, 0x3, 0x30, 0x1, 0x98, 0x1,
    0x86, 0x1, 0xc1, 0x81, 0xc0, 0xe1, 0xc0, 0x3d,
    0xc0, 0x6, 0x0, 0x0, 0x0,

    /* U+4ECE "从" */
    0xc, 0x18, 0x6, 0xc, 0x3, 0x6, 0x1, 0x83,
    0x0, 0xc1, 0x80, 0x60, 0xc0, 0x30, 0x60, 0x3c,
    0x70, 0x1b, 0x38, 0xd, 0x9e, 0x6, 0x6b, 0x6,
    0xc, 0xc3, 0x6, 0x63, 0x86, 0x19, 0x87, 0xe,
    0x83, 0x2,

    /* U+4ED3 "仓" */
    0x1, 0x80, 0x1, 0xe0, 0x1, 0xf8, 0x1, 0xc6,
    0x1, 0xc1, 0xc3, 0xc0, 0x73, 0xff, 0xec, 0x30,
    0x30, 0x18, 0x18, 0xc, 0xc, 0x6, 0x6, 0x3,
    0x1e, 0x1, 0x80, 0x60, 0xc0, 0x30, 0x60, 0x18,
    0x1f, 0xf8,

    /* U+4ED6 "他" */
    0x8, 0x30, 0xc, 0x18, 0x6, 0xcc, 0x6, 0x66,
    0x63, 0x33, 0xf3, 0x9b, 0xdb, 0xcf, 0xcd, 0xfe,
    0x66, 0xb3, 0x33, 0x19, 0x99, 0x8c, 0xcd, 0x86,
    0x66, 0x3, 0x30, 0x19, 0x98, 0xc, 0xcc, 0x4,
    0x63, 0xfe,

    /* U+4EF6 "件" */
    0xc, 0x30, 0xc, 0xd8, 0x6, 0x4c, 0x6, 0x66,
    0x3, 0x3f, 0xf3, 0x91, 0x83, 0xd8, 0xc1, 0xe4,
    0x60, 0xb0, 0x30, 0x1b, 0xff, 0xcc, 0xc, 0x6,
    0x6, 0x3, 0x3, 0x1, 0x81, 0x80, 0xc0, 0xc0,
    0x60, 0x60,

    /* U+4EFB "任" */
    0x0, 0x0, 0x6, 0x3, 0x83, 0x7f, 0xc3, 0xfe,
    0x1, 0x81, 0x1, 0xc0, 0x81, 0xe0, 0x41, 0xf0,
    0x20, 0x5f, 0xff, 0x8c, 0x8, 0x6, 0x4, 0x3,
    0x2, 0x1, 0x81, 0x0, 0xc0, 0x80, 0x60, 0x40,
    0x37, 0xff,

    /* U+4F1A "会" */
    0x0, 0x80, 0x0, 0x60, 0x0, 0xf0, 0x0, 0xec,
    0x0, 0xe3, 0x81, 0xe0, 0xf3, 0xff, 0xec, 0x0,
    0x0, 0x0, 0x0, 0x3f, 0xff, 0x81, 0xc0, 0x0,
    0xc3, 0x0, 0xc0, 0xc1, 0xff, 0xf0, 0xff, 0xfc,
    0x40, 0x4,

    /* U+4F46 "但" */
    0x4, 0x0, 0x6, 0xff, 0x83, 0x60, 0xc3, 0x30,
    0x63, 0x98, 0x31, 0xcc, 0x19, 0xe7, 0xfc, 0xb3,
    0x6, 0x59, 0x83, 0xc, 0xc1, 0x86, 0x60, 0xc3,
    0x3f, 0xe1, 0x80, 0x0, 0xc0, 0x0, 0x60, 0x0,
    0x37, 0xff,

    /* U+4F4E "低" */
    0x4, 0x1, 0x3, 0x7, 0xe0, 0xdf, 0xc0, 0x66,
    0x30, 0x19, 0x8c, 0xe, 0x63, 0x7, 0x98, 0xc1,
    0xe7, 0xff, 0x59, 0x8c, 0x6, 0x61, 0x81, 0x98,
    0x60, 0x66, 0x18, 0x19, 0x96, 0x46, 0x66, 0xd1,
    0x9e, 0xbc, 0x66, 0x26,

    /* U+4F53 "体" */
    0x8, 0x20, 0xc, 0x10, 0x6, 0x8, 0x6, 0x4,
    0x3, 0x7f, 0xfb, 0x83, 0x83, 0xc3, 0xe1, 0xe1,
    0x50, 0x31, 0xac, 0x18, 0x92, 0xc, 0xc9, 0x86,
    0xc4, 0x63, 0xdf, 0xd9, 0x81, 0x0, 0xc0, 0x80,
    0x60, 0x40,

    /* U+4F55 "何" */
    0x10, 0x0, 0x18, 0x0, 0x1f, 0xff, 0x30, 0x6,
    0x70, 0x6, 0x70, 0x6, 0xf7, 0xe6, 0xf6, 0x26,
    0xb6, 0x26, 0x36, 0x26, 0x36, 0x26, 0x37, 0xe6,
    0x36, 0x6, 0x30, 0x6, 0x30, 0x6, 0x30, 0x3c,

    /* U+4F5C "作" */
    0x8, 0x80, 0x18, 0xc0, 0x19, 0x80, 0x31, 0xff,
    0x33, 0x60, 0x72, 0x60, 0xf6, 0x60, 0xf4, 0x7f,
    0x30, 0x60, 0x30, 0x60, 0x30, 0x60, 0x30, 0x7f,
    0x30, 0x60, 0x30, 0x60, 0x30, 0x60, 0x30, 0x60,

    /* U+4F7F "使" */
    0xc, 0x18, 0x3, 0x6, 0x1, 0xbf, 0xfc, 0x60,
    0x60, 0x38, 0x18, 0x1e, 0xff, 0xef, 0xb1, 0x99,
    0x6c, 0x66, 0x5b, 0x19, 0x86, 0xff, 0xe1, 0x91,
    0x80, 0x6e, 0xc0, 0x18, 0xf0, 0x6, 0x3e, 0x1,
    0xbd, 0xf8, 0x6c, 0xe,

    /* U+4F8B "例" */
    0x18, 0x1, 0x8f, 0xf0, 0xcc, 0xc3, 0x66, 0x61,
    0xb7, 0x3c, 0xdb, 0x9f, 0x6f, 0xc9, 0xb7, 0xec,
    0x9b, 0x34, 0x4d, 0x9b, 0xe6, 0xcc, 0x73, 0x66,
    0x11, 0xb3, 0x18, 0x19, 0x88, 0xc, 0xc8, 0x6,
    0x6c, 0xf,

    /* U+4FBF "便" */
    0xc, 0x0, 0xd, 0xff, 0xc6, 0xc, 0x7, 0x6,
    0x3, 0x3f, 0xf3, 0x99, 0x9b, 0xcc, 0xcd, 0xe7,
    0xfe, 0xb3, 0x33, 0x19, 0x99, 0x8c, 0xff, 0xc6,
    0x46, 0x3, 0x36, 0x1, 0x86, 0x0, 0xcf, 0xfe,
    0x6c, 0xe,

    /* U+4FDD "保" */
    0x4, 0x0, 0x3, 0x7f, 0xe0, 0xd8, 0x18, 0x66,
    0x6, 0x39, 0x81, 0x9e, 0x7f, 0xef, 0x81, 0x81,
    0x60, 0x60, 0x58, 0x18, 0x6, 0xff, 0xf1, 0x83,
    0xc0, 0x61, 0xf8, 0x18, 0xdb, 0x6, 0xe6, 0x61,
    0xb1, 0x8c, 0x60, 0x60,

    /* U+4FE1 "信" */
    0x8, 0x40, 0x18, 0x60, 0x18, 0x60, 0x37, 0xff,
    0x30, 0x0, 0x70, 0x0, 0xf3, 0xfe, 0xb0, 0x0,
    0x33, 0xfe, 0x30, 0x0, 0x30, 0x0, 0x33, 0xfe,
    0x32, 0x6, 0x32, 0x6, 0x32, 0x6, 0x33, 0xfe,

    /* U+503C "值" */
    0xc, 0x30, 0x6, 0x18, 0x6, 0xff, 0xe7, 0x6,
    0x3, 0x2, 0x3, 0x8f, 0xfb, 0xc4, 0xd, 0xe3,
    0xfe, 0x31, 0x3, 0x18, 0x81, 0x8c, 0x7f, 0xc6,
    0x20, 0x63, 0x1f, 0xf1, 0x88, 0x18, 0xc4, 0xc,
    0x6f, 0xff,

    /* U+505C "停" */
    0x0, 0x0, 0x18, 0x30, 0x1f, 0xff, 0x38, 0x0,
    0x33, 0xfe, 0x73, 0x6, 0xf3, 0xfe, 0xf0, 0x0,
    0x37, 0xff, 0x34, 0x1, 0x34, 0x1, 0x33, 0xfe,
    0x30, 0x30, 0x30, 0x30, 0x30, 0x30, 0x30, 0xf0,

    /* U+50A8 "储" */
    0x18, 0x30, 0xb, 0x19, 0x84, 0xbf, 0xc4, 0x66,
    0xc2, 0x3, 0x63, 0x1, 0xe3, 0xbb, 0xff, 0xc4,
    0x60, 0xa2, 0x70, 0x11, 0x7f, 0x88, 0xb8, 0xc4,
    0x4c, 0x62, 0x27, 0xf1, 0x1f, 0x18, 0x99, 0xfc,
    0x40, 0xc6,

    /* U+50CF "像" */
    0xc, 0xc0, 0xc, 0xfc, 0x6, 0x66, 0x6, 0x62,
    0x3, 0xff, 0xf3, 0xb9, 0x9b, 0xcc, 0x8d, 0xe7,
    0xfe, 0xb0, 0xc0, 0x19, 0xd3, 0x8d, 0x1f, 0x6,
    0x32, 0x83, 0x67, 0x21, 0x86, 0x98, 0xdc, 0x46,
    0x60, 0xe0,

    /* U+5148 "先" */
    0x11, 0x80, 0x19, 0x80, 0x11, 0x80, 0x3f, 0xfe,
    0x21, 0x80, 0x61, 0x80, 0x61, 0x80, 0x1, 0x80,
    0xff, 0xff, 0xc, 0x60, 0xc, 0x60, 0xc, 0x60,
    0x8, 0x60, 0x18, 0x61, 0x30, 0x63, 0xe0, 0x3f,

    /* U+5149 "光" */
    0x1, 0x80, 0x61, 0x86, 0x31, 0x8c, 0x31, 0x8c,
    0x19, 0x98, 0x19, 0x98, 0x1, 0x80, 0xff, 0xff,
    0x4, 0x60, 0xc, 0x60, 0xc, 0x60, 0xc, 0x60,
    0x18, 0x61, 0x18, 0x61, 0x70, 0x63, 0xc0, 0x3f,

    /* U+514D "免" */
    0x6, 0x0, 0xf, 0xf0, 0x18, 0x60, 0x38, 0x60,
    0x70, 0xc0, 0xff, 0xfe, 0x71, 0x86, 0x31, 0x86,
    0x31, 0x86, 0x3f, 0xfe, 0x1, 0x60, 0x3, 0x60,
    0x6, 0x60, 0xc, 0x61, 0x38, 0x61, 0x60, 0x7f,

    /* U+5165 "入" */
    0x4, 0x0, 0xe, 0x0, 0x7, 0x0, 0x3, 0x0,
    0x1, 0x80, 0x1, 0xc0, 0x3, 0xc0, 0x3, 0x60,
    0x3, 0x60, 0x6, 0x30, 0x6, 0x38, 0xc, 0x18,
    0x1c, 0xc, 0x38, 0xe, 0xf0, 0x7, 0xe0, 0x3,

    /* U+5168 "全" */
    0x0, 0x80, 0x0, 0xc0, 0x0, 0xf0, 0x0, 0xec,
    0x0, 0xe3, 0x80, 0xe0, 0xe1, 0xc0, 0x1d, 0xbf,
    0xfe, 0x0, 0x80, 0x0, 0x40, 0x0, 0x20, 0x3,
    0xff, 0x80, 0x8, 0x0, 0x4, 0x0, 0x2, 0x0,
    0xff, 0xfe,

    /* U+5171 "共" */
    0xc, 0x30, 0xc, 0x30, 0xc, 0x30, 0xc, 0x30,
    0x7f, 0xfe, 0xc, 0x30, 0xc, 0x30, 0xc, 0x30,
    0xc, 0x30, 0xff, 0xff, 0x0, 0x0, 0xc, 0x30,
    0x1c, 0x38, 0x38, 0xc, 0xe0, 0x6, 0x40, 0x2,

    /* U+5173 "关" */
    0x0, 0x0, 0xc, 0xc, 0x3, 0x6, 0x1, 0x86,
    0x7, 0xff, 0xe0, 0xc, 0x0, 0x6, 0x0, 0x3,
    0x0, 0xff, 0xff, 0x1, 0xe0, 0x0, 0xf8, 0x0,
    0xee, 0x1, 0xe3, 0x83, 0xc0, 0xf3, 0xc0, 0x1c,
    0x0, 0x0,

    /* U+5176 "其" */
    0x18, 0x18, 0x18, 0x18, 0x7f, 0xff, 0x18, 0x18,
    0x18, 0x18, 0x1f, 0xf8, 0x18, 0x18, 0x18, 0x18,
    0x1f, 0xf8, 0x18, 0x18, 0x18, 0x18, 0xff, 0xff,
    0x4, 0x20, 0x1c, 0x3c, 0xf0, 0xf, 0x40, 0x2,

    /* U+5177 "具" */
    0x1f, 0xf8, 0x10, 0x8, 0x1f, 0xf8, 0x10, 0x8,
    0x10, 0x8, 0x1f, 0xf8, 0x10, 0x8, 0x10, 0x8,
    0x1f, 0xf8, 0x10, 0x8, 0xff, 0xff, 0xc, 0x30,
    0x3c, 0x1c, 0xf0, 0xf, 0x40, 0x2,

    /* U+517C "兼" */
    0x18, 0x18, 0xc, 0x30, 0xff, 0xff, 0x6, 0x60,
    0x6, 0x60, 0x3f, 0xfc, 0x6, 0x64, 0x6, 0x64,
    0xff, 0xff, 0x6, 0x64, 0x6, 0x64, 0x3f, 0xfc,
    0xe, 0x70, 0x3e, 0x7c, 0xe6, 0x67, 0x6, 0x60,

    /* U+5185 "内" */
    0x3, 0x0, 0x6, 0x0, 0xc, 0x7, 0xff, 0xfc,
    0x30, 0x78, 0x60, 0xf0, 0xc1, 0xe3, 0xc3, 0xc7,
    0xc7, 0x99, 0xcf, 0x31, 0xdf, 0xc1, 0xfd, 0x0,
    0x78, 0x0, 0xf0, 0x1, 0xe0, 0x1e,

    /* U+518D "再" */
    0x7f, 0xff, 0x0, 0x40, 0x0, 0x20, 0x7, 0xff,
    0xc3, 0x8, 0x61, 0x84, 0x30, 0xc2, 0x18, 0x7f,
    0xfc, 0x30, 0x86, 0x18, 0x43, 0x3f, 0xff, 0xe6,
    0x0, 0xc3, 0x0, 0x61, 0x80, 0x30, 0xc0, 0xf0,

    /* U+5199 "写" */
    0xff, 0xff, 0xcc, 0x3, 0xcc, 0x3, 0xc, 0x0,
    0xf, 0xf8, 0x18, 0x0, 0x18, 0x0, 0x1f, 0xfc,
    0x0, 0xc, 0x0, 0xc, 0xff, 0xec, 0x0, 0xc,
    0x0, 0x8, 0x0, 0x18, 0x0, 0xf0,

    /* U+51B2 "冲" */
    0x0, 0x60, 0xc0, 0x60, 0x60, 0x60, 0x37, 0xff,
    0x6, 0x63, 0x6, 0x63, 0x6, 0x63, 0x6, 0x63,
    0x36, 0x63, 0x37, 0xff, 0x66, 0x63, 0x60, 0x60,
    0xc0, 0x60, 0xc0, 0x60, 0x0, 0x60, 0x0, 0x60,

    /* U+51C6 "准" */
    0x0, 0x90, 0x70, 0xcc, 0x18, 0x67, 0x6, 0x7f,
    0xf3, 0x31, 0x80, 0x38, 0xc0, 0x3c, 0x60, 0x37,
    0xff, 0x3, 0x18, 0xd, 0x8c, 0xc, 0xff, 0xe6,
    0x63, 0x6, 0x31, 0x83, 0x18, 0xc3, 0xf, 0xfe,
    0x6, 0x0,

    /* U+51ED "凭" */
    0xc, 0x3, 0x3, 0xff, 0xc1, 0xa3, 0x0, 0xe0,
    0xc0, 0x7b, 0xff, 0x96, 0xc, 0x1, 0x83, 0x0,
    0x6f, 0xfe, 0x18, 0x0, 0x0, 0x0, 0x0, 0x7f,
    0x80, 0x10, 0x20, 0x4, 0x8, 0x3, 0x2, 0x31,
    0x80, 0x8d, 0xc0, 0x3e,

    /* U+51FA "出" */
    0x3, 0x0, 0xc6, 0x19, 0x8c, 0x33, 0x18, 0x66,
    0x30, 0xcc, 0x61, 0x9f, 0xff, 0x1, 0x80, 0x3,
    0x1, 0x86, 0xf, 0xc, 0x1e, 0x18, 0x3c, 0x30,
    0x78, 0x60, 0xff, 0xff, 0x80, 0x3,

    /* U+51FD "函" */
    0x3f, 0xf8, 0x0, 0xe0, 0x3, 0x86, 0xc, 0x3d,
    0x99, 0x7b, 0xb6, 0xf3, 0x69, 0xe1, 0xe3, 0xcf,
    0xa7, 0xf3, 0x6f, 0x46, 0x5e, 0x3c, 0x3c, 0x0,
    0x7f, 0xff, 0xc0, 0x1, 0x80,

    /* U+5206 "分" */
    0x6, 0x30, 0x6, 0xc, 0x7, 0x6, 0x3, 0x1,
    0x83, 0x0, 0x63, 0x80, 0x3b, 0x7f, 0xf4, 0x6,
    0x18, 0x2, 0xc, 0x3, 0x6, 0x1, 0x83, 0x1,
    0x81, 0x81, 0xc0, 0xc1, 0xc0, 0xe1, 0x83, 0xe0,

    /* U+5207 "切" */
    0x30, 0x0, 0x33, 0xff, 0x30, 0x63, 0x36, 0x63,
    0xfe, 0x63, 0xf0, 0x63, 0x30, 0x63, 0x30, 0x63,
    0x30, 0x43, 0x32, 0xc3, 0x3e, 0xc3, 0x38, 0x83,
    0x61, 0x83, 0x3, 0x7, 0x6, 0x1e,

    /* U+5212 "划" */
    0x34, 0x3, 0x36, 0x3, 0x33, 0x33, 0x31, 0x33,
    0x33, 0xb3, 0xff, 0xb3, 0xf0, 0x33, 0x19, 0xb3,
    0x1b, 0x33, 0x1b, 0x33, 0x1e, 0x33, 0xc, 0x33,
    0x1c, 0x83, 0x3c, 0x83, 0xe6, 0x83, 0x83, 0x9e,

    /* U+5217 "列" */
    0x0, 0x3, 0xff, 0x83, 0x30, 0x33, 0x30, 0x33,
    0x3f, 0x33, 0x3f, 0x33, 0x61, 0x33, 0x63, 0x33,
    0xc3, 0x33, 0xba, 0x33, 0x1e, 0x33, 0xc, 0x33,
    0xc, 0x3, 0x18, 0x3, 0x30, 0x3, 0x60, 0xf,

    /* U+521B "创" */
    0x4, 0x3, 0xe, 0x3, 0xf, 0x1b, 0x1b, 0x1b,
    0x31, 0x9b, 0x70, 0xdb, 0xe0, 0x5b, 0x3f, 0x9b,
    0x31, 0x9b, 0x31, 0x9b, 0x31, 0x9b, 0x37, 0x1b,
    0x30, 0x83, 0x30, 0xc3, 0x30, 0xc3, 0x3f, 0x8f,

    /* U+521D "初" */
    0x10, 0x0, 0x19, 0xff, 0x9, 0xff, 0x7c, 0x33,
    0x4, 0x33, 0xc, 0x33, 0xa, 0x33, 0x1a, 0x33,
    0x3c, 0x33, 0x7c, 0x63, 0x5a, 0x63, 0x18, 0x63,
    0x18, 0xc3, 0x18, 0x83, 0x19, 0x87, 0x1b, 0x1e,

    /* U+5224 "判" */
    0x8, 0x3, 0xc9, 0x83, 0x69, 0xb3, 0x6b, 0x33,
    0x2b, 0x33, 0x7f, 0xb3, 0x7f, 0xb3, 0x8, 0x33,
    0x8, 0x33, 0xff, 0xb3, 0xff, 0xb3, 0x18, 0x33,
    0x18, 0x3, 0x30, 0x3, 0x70, 0x3, 0x60, 0x1e,

    /* U+5229 "利" */
    0x3, 0x3, 0x7f, 0x3, 0xfc, 0x33, 0xc, 0x33,
    0xc, 0x33, 0xff, 0xb3, 0xff, 0xb3, 0x1c, 0x33,
    0x1c, 0x33, 0x3f, 0x33, 0x6f, 0xb3, 0x6d, 0x33,
    0xcc, 0x3, 0x8c, 0x3, 0xc, 0x3, 0xc, 0x1f,

    /* U+5230 "到" */
    0x0, 0x7, 0xff, 0x6c, 0xc8, 0xd9, 0x91, 0xb6,
    0x33, 0x7f, 0xf6, 0xd8, 0x6d, 0x84, 0x1b, 0x8,
    0x37, 0xff, 0x6c, 0x20, 0xd8, 0x41, 0xb0, 0x88,
    0x61, 0xf0, 0xff, 0xc1, 0xe0, 0xf,

    /* U+5236 "制" */
    0x6c, 0x3, 0x6c, 0x13, 0x7f, 0x93, 0xcc, 0x13,
    0xcc, 0x13, 0xff, 0xd3, 0xff, 0xd3, 0xc, 0x13,
    0x7f, 0x93, 0x7f, 0x93, 0x4c, 0x93, 0x4c, 0x83,
    0x4c, 0x83, 0x4c, 0x83, 0x4d, 0x83, 0xc, 0xf,

    /* U+5237 "刷" */
    0x0, 0x3, 0x7f, 0xc3, 0x40, 0xd3, 0x40, 0xd3,
    0x7f, 0xd3, 0x7f, 0xd3, 0x44, 0x13, 0x7f, 0xd3,
    0x7f, 0xd3, 0x74, 0xd3, 0x74, 0xd3, 0x74, 0xd3,
    0x74, 0xc3, 0xf5, 0xc3, 0x84, 0x3, 0x84, 0xf,

    /* U+523B "刻" */
    0xc, 0x3, 0xc, 0x3, 0xff, 0xdb, 0xff, 0xdb,
    0x18, 0x1b, 0x31, 0x9b, 0x7f, 0x1b, 0x7e, 0x1b,
    0xe, 0xdb, 0x1d, 0x9b, 0x31, 0x9b, 0xe3, 0x1b,
    0x4f, 0x3, 0x1d, 0x83, 0x70, 0xc3, 0xc0, 0xf,

    /* U+524D "前" */
    0x10, 0x8, 0x18, 0x18, 0xc, 0x30, 0xff, 0xff,
    0x0, 0x0, 0x0, 0x6, 0x7f, 0x26, 0x63, 0x26,
    0x63, 0x26, 0x7f, 0x26, 0x63, 0x26, 0x7f, 0x26,
    0x7f, 0x26, 0x63, 0x6, 0x63, 0x6, 0x6e, 0x1e,

    /* U+529F "功" */
    0x0, 0x20, 0x0, 0x20, 0xfe, 0x20, 0xfe, 0x20,
    0x11, 0xff, 0x10, 0x23, 0x10, 0x23, 0x10, 0x23,
    0x10, 0x23, 0x10, 0x63, 0x1e, 0x43, 0xfe, 0x43,
    0xe0, 0xc3, 0x1, 0x83, 0x3, 0x6, 0x6, 0x1e,

    /* U+52A0 "加" */
    0x18, 0x0, 0xc, 0x0, 0x6, 0xf, 0xef, 0xf6,
    0x31, 0x9b, 0x18, 0xcd, 0x8c, 0x66, 0xc6, 0x33,
    0x63, 0x19, 0xb1, 0x8c, 0xd8, 0xcc, 0x6c, 0x66,
    0x36, 0x33, 0x1b, 0x1b, 0xd, 0x8d, 0x86, 0xfe,
    0x8e, 0x63,

    /* U+52A1 "务" */
    0x6, 0x0, 0x6, 0x0, 0xf, 0xfe, 0x38, 0xc,
    0x6c, 0x38, 0x47, 0xe0, 0xf, 0xf0, 0xfe, 0x3f,
    0xe1, 0x80, 0x1, 0x0, 0x7f, 0xfe, 0x3, 0x6,
    0x6, 0x4, 0xc, 0xc, 0x38, 0xc, 0xe0, 0x78,

    /* U+52A8 "动" */
    0x0, 0x10, 0x0, 0x10, 0x7f, 0x10, 0x0, 0x10,
    0x0, 0xff, 0x0, 0xff, 0xff, 0x13, 0x30, 0x13,
    0x32, 0x13, 0x22, 0x13, 0x62, 0x33, 0x63, 0x23,
    0x7f, 0x23, 0xf9, 0x43, 0x0, 0xc3, 0x1, 0x9e,

    /* U+5316 "化" */
    0x6, 0x60, 0x6, 0x30, 0x3, 0x18, 0x3, 0xc,
    0x73, 0x86, 0x31, 0xc3, 0x31, 0xe1, 0xb1, 0xb0,
    0xf0, 0x18, 0x70, 0xc, 0x70, 0x6, 0xf8, 0x3,
    0x6c, 0x21, 0x86, 0x18, 0xc3, 0xc, 0x61, 0x86,
    0x30, 0x7e,

    /* U+5339 "匹" */
    0xff, 0xfe, 0xc6, 0x60, 0xc6, 0x60, 0xc6, 0x60,
    0xc6, 0x60, 0xc6, 0x60, 0xc6, 0x60, 0xcc, 0x62,
    0xcc, 0x63, 0xdc, 0x63, 0xf8, 0x3e, 0xd0, 0x0,
    0xc0, 0x0, 0xff, 0xff,

    /* U+533A "区" */
    0xff, 0xfe, 0xc0, 0x0, 0xc0, 0x18, 0xdc, 0x18,
    0xce, 0x30, 0xc3, 0x60, 0xc1, 0xe0, 0xc0, 0xc0,
    0xc1, 0xe0, 0xc7, 0x30, 0xce, 0x18, 0xdc, 0x1c,
    0xc8, 0x8, 0xc0, 0x0, 0xff, 0xff,

    /* U+5347 "升" */
    0x1, 0x10, 0xf, 0x90, 0x7c, 0x10, 0x68, 0x10,
    0x8, 0x10, 0x8, 0x10, 0x8, 0x10, 0xff, 0xff,
    0x8, 0x10, 0x8, 0x10, 0x8, 0x10, 0x18, 0x10,
    0x38, 0x10, 0x30, 0x10, 0xe0, 0x10, 0x40, 0x10,

    /* U+5355 "单" */
    0x18, 0x18, 0xc, 0x18, 0xc, 0x30, 0x3f, 0xfe,
    0x21, 0x86, 0x21, 0x86, 0x3f, 0xfe, 0x21, 0x86,
    0x21, 0x86, 0x3f, 0xfe, 0x1, 0x80, 0x1, 0x80,
    0xff, 0xff, 0x1, 0x80, 0x1, 0x80, 0x1, 0x80,

    /* U+5360 "占" */
    0x6, 0x0, 0x18, 0x0, 0x60, 0x1, 0xff, 0x6,
    0x0, 0x18, 0x0, 0x60, 0x1, 0x80, 0xff, 0xfb,
    0x0, 0x6c, 0x1, 0xb0, 0x6, 0xc0, 0x1b, 0x0,
    0x6f, 0xff, 0xb0, 0x6,

    /* U+5373 "即" */
    0x7f, 0x3f, 0x63, 0x33, 0x63, 0x33, 0x63, 0x33,
    0x7f, 0x33, 0x63, 0x33, 0x63, 0x33, 0x7f, 0x33,
    0x60, 0x33, 0x64, 0x33, 0x66, 0x33, 0x67, 0x37,
    0x7f, 0x30, 0xf3, 0xb0, 0x0, 0x30,

    /* U+538B "压" */
    0x7f, 0xff, 0xb0, 0x0, 0x18, 0x18, 0xc, 0xc,
    0x6, 0x6, 0x3, 0x3, 0x1, 0xbf, 0xfc, 0xc0,
    0xc0, 0x60, 0x64, 0x30, 0x33, 0x18, 0x18, 0xd8,
    0xc, 0x4c, 0x6, 0x6, 0xff, 0xfc, 0x0, 0x0,

    /* U+539F "原" */
    0x3f, 0xff, 0x98, 0x18, 0xc, 0x18, 0x6, 0xff,
    0xe3, 0x60, 0x31, 0xb0, 0x18, 0xdf, 0xfc, 0x6c,
    0x6, 0x37, 0xff, 0x18, 0x18, 0xc, 0xcd, 0x8c,
    0x66, 0xc6, 0x63, 0x33, 0x61, 0x8d, 0x3, 0xc0,

    /* U+53CD "反" */
    0x0, 0x3e, 0x3f, 0xf8, 0x30, 0x0, 0x30, 0x0,
    0x30, 0x0, 0x3f, 0xfe, 0x36, 0x6, 0x32, 0xc,
    0x33, 0xc, 0x31, 0x98, 0x31, 0xf0, 0x60, 0xe0,
    0x61, 0xf0, 0x67, 0x9e, 0xce, 0xf, 0x48, 0x0,

    /* U+53D1 "发" */
    0x0, 0xc4, 0x4, 0x63, 0x6, 0x31, 0x83, 0x30,
    0x3, 0xff, 0xf8, 0xc, 0x0, 0xc, 0x0, 0x7,
    0xfc, 0x7, 0x6, 0x3, 0xc6, 0x3, 0x37, 0x3,
    0xf, 0x7, 0x7, 0x3, 0xe, 0xf0, 0x3e, 0x1e,
    0x8, 0x3,

    /* U+53D6 "取" */
    0xff, 0x0, 0x33, 0x7f, 0x99, 0x98, 0xcc, 0xcc,
    0x47, 0xe6, 0x23, 0x31, 0x31, 0x98, 0xd8, 0xfc,
    0x78, 0x66, 0x1c, 0x33, 0xc, 0x1f, 0xc6, 0x1f,
    0xc7, 0x88, 0x66, 0x60, 0x37, 0x18, 0x1a, 0x4,

    /* U+53D8 "变" */
    0x1, 0x80, 0x1, 0x80, 0xff, 0xff, 0x6, 0x60,
    0x36, 0x7c, 0x66, 0x66, 0x66, 0x67, 0x46, 0x62,
    0x0, 0x0, 0x7f, 0xfc, 0x18, 0x18, 0xc, 0x30,
    0x7, 0xe0, 0x3, 0xc0, 0x7e, 0xfc, 0xf0, 0x1f,

    /* U+53E3 "口" */
    0xff, 0xff, 0x0, 0x3c, 0x0, 0xf0, 0x3, 0xc0,
    0xf, 0x0, 0x3c, 0x0, 0xf0, 0x3, 0xc0, 0xf,
    0x0, 0x3c, 0x0, 0xff, 0xff, 0xff, 0xff, 0x0,
    0x30,

    /* U+53EA "只" */
    0x3f, 0xfe, 0x18, 0x3, 0xc, 0x1, 0x86, 0x0,
    0xc3, 0x0, 0x61, 0x80, 0x30, 0xc0, 0x18, 0x7f,
    0xfc, 0x0, 0x0, 0x0, 0x8, 0x3, 0x8e, 0x3,
    0x81, 0x83, 0x80, 0x63, 0x80, 0x19, 0x0, 0x4,

    /* U+53EF "可" */
    0xff, 0xff, 0x0, 0xc, 0x0, 0xc, 0x0, 0xc,
    0x3f, 0x8c, 0x20, 0x8c, 0x20, 0x8c, 0x20, 0x8c,
    0x20, 0x8c, 0x20, 0x8c, 0x3f, 0x8c, 0x20, 0xc,
    0x0, 0xc, 0x0, 0xfc, 0x0, 0x78,

    /* U+53F7 "号" */
    0x3f, 0xfc, 0x30, 0xc, 0x30, 0xc, 0x3f, 0xfc,
    0x0, 0x0, 0x0, 0x0, 0xff, 0xff, 0x18, 0x0,
    0x18, 0x0, 0x18, 0x0, 0x1f, 0xfc, 0x0, 0xc,
    0x0, 0x8, 0x0, 0x18, 0x1, 0xf0,

    /* U+5404 "各" */
    0x3, 0x0, 0x3, 0x0, 0x3, 0xff, 0x83, 0x83,
    0x87, 0x63, 0x83, 0x1b, 0x80, 0x7, 0x0, 0xf,
    0xe0, 0x3e, 0x3e, 0x78, 0x3, 0xc7, 0xff, 0x3,
    0x1, 0x81, 0x80, 0xc0, 0xc0, 0x60, 0x60, 0x30,
    0x3f, 0xf8,

    /* U+540C "同" */
    0xff, 0xff, 0x80, 0xf, 0x0, 0x1e, 0xff, 0xbc,
    0x0, 0x78, 0x0, 0xf3, 0xf9, 0xe4, 0x13, 0xc8,
    0x27, 0x90, 0x4f, 0x20, 0x9e, 0x7f, 0x3c, 0x80,
    0x78, 0x0, 0xf0, 0x7, 0x80,

    /* U+540D "名" */
    0x1, 0x80, 0x6, 0x0, 0x3f, 0xf8, 0xe0, 0x67,
    0x1, 0xcc, 0xc7, 0x1, 0xdc, 0x1, 0xf0, 0x7,
    0x80, 0x7f, 0xfd, 0xf0, 0x18, 0x60, 0x30, 0xc0,
    0x61, 0x80, 0xc3, 0xff, 0x86, 0x3,

    /* U+540E "后" */
    0x0, 0x3e, 0x1f, 0xfc, 0x8c, 0x0, 0x6, 0x0,
    0x3, 0x0, 0x1, 0xff, 0xfc, 0xc0, 0x0, 0x60,
    0x0, 0x30, 0x0, 0x1b, 0xff, 0x8d, 0x80, 0xcc,
    0xc0, 0x66, 0x60, 0x33, 0x30, 0x1b, 0x1f, 0xfc,
    0x8c, 0x6,

    /* U+542F "启" */
    0x0, 0x80, 0x3, 0x0, 0x2, 0x1, 0xff, 0xf3,
    0x0, 0x66, 0x0, 0xcf, 0xff, 0x98, 0x0, 0x30,
    0x0, 0x60, 0x0, 0xff, 0xf9, 0xe0, 0x36, 0xc0,
    0x6d, 0x80, 0xf3, 0xff, 0xa6, 0x3,

    /* U+544A "告" */
    0x11, 0x80, 0x19, 0x80, 0x31, 0x80, 0x3f, 0xfe,
    0x61, 0x80, 0xc1, 0x80, 0x41, 0x80, 0xff, 0xff,
    0x0, 0x0, 0x0, 0x0, 0x3f, 0xfc, 0x30, 0xc,
    0x30, 0xc, 0x30, 0xc, 0x3f, 0xfc, 0x30, 0xc,

    /* U+5468 "周" */
    0x3f, 0xff, 0x30, 0x3, 0x30, 0xc3, 0x37, 0xfb,
    0x30, 0xc3, 0x30, 0xc3, 0x37, 0xfb, 0x30, 0x3,
    0x30, 0x3, 0x37, 0xfb, 0x36, 0x1b, 0x26, 0x1b,
    0x67, 0xfb, 0x66, 0x3, 0xc0, 0xf,

    /* U+548C "和" */
    0x0, 0x0, 0x1f, 0x0, 0xf8, 0x7f, 0x18, 0x43,
    0x18, 0x43, 0xff, 0x43, 0x18, 0x43, 0x3c, 0x43,
    0x3e, 0x43, 0x3e, 0x43, 0x7b, 0x43, 0x5a, 0x43,
    0xd8, 0x43, 0x98, 0x7f, 0x18, 0x43, 0x18, 0x43,

    /* U+5524 "唤" */
    0x0, 0xc0, 0x0, 0xc0, 0xf1, 0xfc, 0x93, 0xc,
    0x97, 0x18, 0x97, 0xfe, 0x93, 0x26, 0x93, 0x26,
    0x93, 0x26, 0x93, 0x26, 0x97, 0xff, 0xf0, 0x70,
    0x80, 0xd0, 0x81, 0x8c, 0x7, 0x7, 0xc, 0x3,

    /* U+5668 "器" */
    0x7e, 0x7e, 0x66, 0x46, 0x66, 0x46, 0x7e, 0x7e,
    0x3, 0x30, 0x3, 0x38, 0x3, 0x18, 0xff, 0xff,
    0x1c, 0x30, 0x38, 0x1c, 0xfe, 0x7f, 0x66, 0x46,
    0x66, 0x46, 0x66, 0x46, 0x7e, 0x7e,

    /* U+56DE "回" */
    0xff, 0xff, 0xff, 0xff, 0x0, 0x1e, 0x0, 0x3c,
    0xfe, 0x79, 0x8c, 0xf3, 0x19, 0xe6, 0x33, 0xcc,
    0x67, 0x9f, 0xcf, 0x0, 0x1e, 0x0, 0x3c, 0x0,
    0x7f, 0xff, 0xf0, 0x1, 0x80,

    /* U+56E0 "因" */
    0xff, 0xff, 0xc0, 0x3, 0xc1, 0x83, 0xc1, 0x83,
    0xc1, 0x83, 0xdf, 0xfb, 0xc1, 0x83, 0xc3, 0x83,
    0xc3, 0xc3, 0xc6, 0x63, 0xce, 0x33, 0xdc, 0x1b,
    0xc0, 0x3, 0xff, 0xff, 0xc0, 0x3,

    /* U+56F4 "围" */
    0xff, 0xff, 0xc1, 0x83, 0xc1, 0x83, 0xdf, 0xfb,
    0xc1, 0x83, 0xcf, 0xf3, 0xc1, 0x83, 0xc1, 0x83,
    0xdf, 0xfb, 0xc1, 0x9b, 0xc1, 0xfb, 0xc1, 0xb3,
    0xc1, 0x83, 0xff, 0xff, 0xc0, 0x3,

    /* U+56FA "固" */
    0xff, 0xff, 0xc0, 0x3, 0xc1, 0x83, 0xc1, 0x83,
    0xdf, 0xfb, 0xc1, 0x83, 0xc1, 0x83, 0xcf, 0xf3,
    0xcc, 0x33, 0xcc, 0x33, 0xcc, 0x33, 0xcf, 0xf3,
    0xc0, 0x3, 0xff, 0xff, 0xc0, 0x3,

    /* U+5728 "在" */
    0x2, 0x0, 0x6, 0x0, 0x6, 0x0, 0xff, 0xff,
    0xc, 0x0, 0x1c, 0x20, 0x18, 0x20, 0x38, 0x20,
    0x70, 0x20, 0xf3, 0xfe, 0xf0, 0x20, 0xb0, 0x20,
    0x30, 0x20, 0x30, 0x20, 0x30, 0x20, 0x37, 0xff,

    /* U+5747 "均" */
    0x30, 0x60, 0x30, 0x40, 0x30, 0xc0, 0x31, 0xff,
    0xff, 0x83, 0x33, 0x3, 0x30, 0xc3, 0x30, 0x63,
    0x30, 0x33, 0x30, 0xb, 0x3e, 0x3b, 0x38, 0xf3,
    0xf1, 0xc3, 0xc1, 0x3, 0x0, 0x6, 0x0, 0x3e,

    /* U+5757 "块" */
    0x30, 0x60, 0x18, 0x30, 0xc, 0x18, 0x6, 0x7f,
    0xcf, 0xc6, 0x61, 0x83, 0x30, 0xc1, 0x98, 0x60,
    0xcc, 0x33, 0xff, 0x1e, 0x38, 0xf, 0x34, 0x1e,
    0x1b, 0x8, 0x18, 0xc0, 0x1c, 0x70, 0x1c, 0x1c,
    0xc, 0x2,

    /* U+585E "塞" */
    0x1, 0x80, 0xff, 0xff, 0xc0, 0x3, 0xc4, 0x23,
    0x3f, 0xfc, 0x4, 0x20, 0x3f, 0xfc, 0x4, 0x20,
    0x4, 0x20, 0xff, 0xff, 0x1c, 0x38, 0x39, 0x9c,
    0xef, 0xf7, 0x81, 0x80, 0x1, 0x80, 0x7f, 0xfe,

    /* U+586B "填" */
    0x30, 0x10, 0x18, 0x18, 0xc, 0x7f, 0xe6, 0x6,
    0xf, 0xdf, 0xe7, 0xec, 0x10, 0xc7, 0xf8, 0x63,
    0x4, 0x31, 0xfe, 0x18, 0xc1, 0xc, 0x7f, 0x87,
    0xb0, 0x4f, 0xbf, 0xfe, 0x2, 0x20, 0x7, 0x1c,
    0x6, 0x3,

    /* U+5904 "处" */
    0x18, 0x30, 0xc, 0x18, 0xc, 0xc, 0x7, 0xe6,
    0x3, 0x33, 0x81, 0x19, 0xe1, 0xcc, 0xd8, 0xe6,
    0x6c, 0xd6, 0x33, 0xf, 0x18, 0x3, 0x8c, 0x1,
    0x86, 0x1, 0xe3, 0x1, 0xdc, 0x1, 0xc7, 0xff,
    0xc0, 0xfe, 0x0, 0x0, 0x0,

    /* U+5907 "备" */
    0x0, 0x0, 0x3, 0x0, 0x3, 0xff, 0x7, 0x87,
    0xf, 0xe7, 0x2, 0x1f, 0x0, 0x1f, 0xc1, 0xfc,
    0xff, 0xf0, 0x7, 0x1f, 0xfe, 0xc, 0x63, 0x6,
    0x31, 0x83, 0xff, 0xc1, 0x8c, 0x60, 0xc6, 0x30,
    0x7f, 0xf8,

    /* U+590D "复" */
    0x8, 0x0, 0xc, 0x0, 0xf, 0xff, 0xcc, 0x0,
    0xd, 0xff, 0xe0, 0xc0, 0x30, 0x7f, 0xf8, 0x30,
    0xc, 0x1f, 0xfe, 0x3, 0x0, 0x3, 0xff, 0x87,
    0x83, 0x86, 0x77, 0x80, 0x1f, 0x3, 0xfd, 0xff,
    0xe0, 0x7,

    /* U+5916 "外" */
    0x18, 0x30, 0xc, 0x18, 0xc, 0xc, 0x7, 0xf6,
    0x2, 0x1b, 0x3, 0x19, 0xc1, 0x8c, 0xf1, 0xe6,
    0x6c, 0x1f, 0x33, 0x7, 0x18, 0x83, 0x8c, 0x1,
    0x86, 0x1, 0x83, 0x3, 0x81, 0x83, 0x80, 0xc0,
    0x80, 0x60,

    /* U+591A "多" */
    0x0, 0x0, 0x3, 0x0, 0xf, 0xf8, 0x18, 0x38,
    0x74, 0x70, 0x6, 0xc0, 0x3, 0xa0, 0x1e, 0x60,
    0x71, 0xff, 0x3, 0x6, 0x1e, 0xe, 0x19, 0x9c,
    0x0, 0xf8, 0x3, 0xe0, 0x7f, 0x80, 0x78, 0x0,

    /* U+591F "够" */
    0x30, 0x18, 0x10, 0x1f, 0x9f, 0x98, 0x88, 0x5c,
    0xcc, 0x23, 0xc3, 0xd0, 0xc1, 0x29, 0xe0, 0x95,
    0xb0, 0x4a, 0x1f, 0x25, 0x11, 0x92, 0x90, 0xcf,
    0x52, 0xc4, 0x23, 0xe0, 0x10, 0xe0, 0x19, 0xc0,
    0x3f, 0xc0,

    /* U+5927 "大" */
    0x1, 0x80, 0x1, 0x80, 0x1, 0x80, 0x1, 0x80,
    0x1, 0x80, 0xff, 0xff, 0xff, 0xff, 0x3, 0x80,
    0x3, 0xc0, 0x3, 0xc0, 0x6, 0x60, 0x6, 0x70,
    0xc, 0x30, 0x18, 0x18, 0x78, 0xe, 0xe0, 0x7,
    0x40, 0x2,

    /* U+5929 "天" */
    0x3f, 0xff, 0x0, 0x30, 0x0, 0xc, 0x0, 0x3,
    0x0, 0x0, 0xc0, 0x1f, 0xff, 0xe7, 0xff, 0xf8,
    0x7, 0x0, 0x1, 0xe0, 0x0, 0xec, 0x0, 0x73,
    0x0, 0x38, 0x60, 0x1c, 0xe, 0x1e, 0x1, 0xf6,
    0x0, 0x18,

    /* U+592A "太" */
    0x1, 0x80, 0x1, 0x80, 0x1, 0x80, 0x1, 0x80,
    0xff, 0xff, 0xff, 0xff, 0x3, 0xc0, 0x3, 0xc0,
    0x3, 0xc0, 0x6, 0x60, 0x6, 0x60, 0xc, 0x30,
    0x1f, 0x18, 0x3b, 0x9c, 0xf1, 0xcf, 0xc0, 0x83,

    /* U+5931 "失" */
    0x11, 0x80, 0x19, 0x80, 0x31, 0x80, 0x3f, 0xfc,
    0x61, 0x80, 0xe1, 0x80, 0x41, 0x80, 0x1, 0x80,
    0xff, 0xff, 0x3, 0xc0, 0x3, 0xc0, 0x6, 0x60,
    0xe, 0x30, 0x3c, 0x1c, 0xf0, 0xf, 0xc0, 0x3,

    /* U+5957 "套" */
    0x0, 0x80, 0x0, 0x60, 0x7, 0xff, 0xf8, 0x18,
    0x60, 0xe, 0xc, 0xf, 0xff, 0xcf, 0xc0, 0x39,
    0x3f, 0xe0, 0xc, 0x0, 0x3, 0xfe, 0x0, 0xc0,
    0x1, 0xff, 0xfe, 0x6, 0x8, 0x3, 0x3, 0x1,
    0xc0, 0xe0, 0xff, 0xfc, 0x0, 0x2, 0x0,

    /* U+59CB "始" */
    0x30, 0x30, 0x18, 0x10, 0x8, 0x18, 0x4, 0x19,
    0x8f, 0xcc, 0x63, 0x6c, 0x19, 0xb7, 0xfe, 0x9a,
    0x3, 0x4c, 0x0, 0x34, 0xff, 0x8e, 0x60, 0xc3,
    0x30, 0x63, 0xd8, 0x33, 0x2c, 0x1b, 0x87, 0xfc,
    0x83, 0x6,

    /* U+5B57 "字" */
    0x1, 0x80, 0x1, 0x80, 0xff, 0xff, 0xc0, 0x3,
    0xc0, 0x3, 0x1f, 0xf8, 0x0, 0x70, 0x0, 0xe0,
    0x1, 0xc0, 0x1, 0x80, 0xff, 0xff, 0x1, 0x80,
    0x1, 0x80, 0x1, 0x80, 0x1, 0x80, 0xf, 0x80,

    /* U+5B58 "存" */
    0x1, 0x0, 0x1, 0x80, 0x1f, 0xff, 0xe0, 0xc0,
    0x0, 0x60, 0x0, 0x60, 0x0, 0x73, 0xfc, 0x30,
    0xc, 0x38, 0x1c, 0x3c, 0xc, 0x16, 0xff, 0xe3,
    0x3, 0x1, 0x81, 0x80, 0xc0, 0xc0, 0x60, 0x60,
    0x31, 0xe0,

    /* U+5B83 "它" */
    0x0, 0x0, 0x6, 0x0, 0x6, 0x7, 0xff, 0xfc,
    0x0, 0x78, 0x0, 0xc4, 0x0, 0x8, 0x18, 0x10,
    0xf0, 0x2f, 0x80, 0x78, 0x0, 0x80, 0x1, 0x0,
    0x42, 0x0, 0xc6, 0x3, 0xf, 0xfe,

    /* U+5B89 "安" */
    0x3, 0x0, 0x1, 0x80, 0xff, 0xff, 0xc0, 0x3,
    0xc3, 0x3, 0x3, 0x0, 0x6, 0x0, 0xff, 0xff,
    0xc, 0x30, 0x18, 0x30, 0x3e, 0x60, 0x7, 0xe0,
    0x1, 0xf0, 0xf, 0x3c, 0xfc, 0xf, 0x70, 0x6,

    /* U+5B8C "完" */
    0x1, 0x80, 0x1, 0x80, 0xff, 0xff, 0xc0, 0x3,
    0xc0, 0x3, 0xdf, 0xfb, 0x0, 0x0, 0x0, 0x0,
    0x0, 0x0, 0xff, 0xff, 0x4, 0x60, 0xc, 0x60,
    0xc, 0x60, 0xc, 0x61, 0x38, 0x61, 0xe0, 0x3f,

    /* U+5B9A "定" */
    0x0, 0xc0, 0x0, 0x30, 0x7, 0xff, 0xf9, 0x80,
    0x6, 0x60, 0x1, 0x98, 0x0, 0x60, 0xff, 0xc0,
    0x3, 0x0, 0x8, 0xc0, 0x2, 0x30, 0x1, 0x8f,
    0xe0, 0x63, 0x0, 0x1c, 0xc0, 0xd, 0xb0, 0x7,
    0x3c, 0x3, 0x83, 0xfe,

    /* U+5B9E "实" */
    0x3, 0x80, 0x1, 0x80, 0xff, 0xff, 0xc0, 0x3,
    0xd8, 0xc3, 0xe, 0xc0, 0x4, 0xc0, 0x70, 0x80,
    0x19, 0x80, 0x1, 0x80, 0xff, 0xff, 0x3, 0x40,
    0x6, 0x70, 0x1c, 0x1c, 0xf8, 0x7, 0x40, 0x0,

    /* U+5BB9 "容" */
    0x0, 0x80, 0x0, 0x60, 0x1f, 0xff, 0xcc, 0x0,
    0x26, 0x63, 0x10, 0x64, 0xe0, 0xe3, 0x38, 0x63,
    0xc6, 0x3, 0x70, 0x7, 0x1c, 0x7, 0x7, 0x9f,
    0xff, 0xf4, 0x80, 0xc0, 0x40, 0x60, 0x20, 0x30,
    0x1f, 0xf8,

    /* U+5BC4 "寄" */
    0x1, 0x80, 0xff, 0xff, 0xc0, 0x3, 0xc1, 0x83,
    0x3f, 0xfc, 0x3, 0xc0, 0xe, 0xf0, 0x3c, 0x1c,
    0xff, 0xff, 0x0, 0xc, 0x0, 0xc, 0x3f, 0xcc,
    0x30, 0xcc, 0x30, 0xcc, 0x3f, 0xcc, 0x30, 0x38,

    /* U+5BC6 "密" */
    0x0, 0xc0, 0x0, 0x60, 0x1f, 0xff, 0xcc, 0x20,
    0x26, 0x1d, 0x90, 0xb3, 0x80, 0xd9, 0x98, 0xcf,
    0x96, 0x67, 0x89, 0xbf, 0xfc, 0x18, 0x30, 0x2,
    0x18, 0xc1, 0xc, 0x60, 0x86, 0x30, 0x7f, 0xf8,
    0x0, 0xc,

    /* U+5BF9 "对" */
    0x0, 0x6, 0x0, 0x3, 0x3f, 0xc1, 0x9f, 0xc0,
    0xc0, 0x2f, 0xfa, 0x30, 0x31, 0x98, 0x18, 0x6d,
    0x8c, 0x1c, 0x66, 0x6, 0x33, 0x7, 0x8d, 0x83,
    0x60, 0xc3, 0x30, 0x63, 0x0, 0x33, 0x80, 0xf8,
    0x80, 0x38,

    /* U+5C0F "小" */
    0x0, 0xc0, 0x0, 0x30, 0x0, 0xc, 0x0, 0x3,
    0x0, 0x18, 0xc4, 0x6, 0x31, 0x81, 0x8c, 0x60,
    0xc3, 0xc, 0x30, 0xc3, 0xc, 0x30, 0x66, 0xc,
    0x19, 0x83, 0x6, 0x0, 0xc0, 0x80, 0x30, 0x0,
    0xc, 0x0, 0x1e, 0x0,

    /* U+5C1A "尚" */
    0x1, 0x9, 0x84, 0x36, 0x11, 0x8c, 0x44, 0x21,
    0x13, 0xff, 0xfc, 0x0, 0xf0, 0x3, 0xcf, 0xef,
    0x31, 0xbc, 0xc6, 0xf3, 0x1b, 0xcf, 0xef, 0x30,
    0x3c, 0x0, 0xf0, 0x7,

    /* U+5C1D "尝" */
    0x11, 0x88, 0x39, 0x8c, 0x19, 0x98, 0xff, 0xff,
    0xc0, 0x3, 0xc0, 0x3, 0x3f, 0xfc, 0x0, 0x0,
    0x0, 0x0, 0xff, 0xff, 0xe, 0x10, 0xc, 0x38,
    0x18, 0x1c, 0x7f, 0xfc, 0x7f, 0xe6, 0x0, 0x0,

    /* U+5C42 "层" */
    0x3f, 0xff, 0x18, 0x0, 0x8c, 0x0, 0x47, 0xff,
    0xe3, 0x0, 0x1, 0x80, 0x0, 0xcf, 0xfc, 0x60,
    0x0, 0x30, 0x0, 0x1b, 0xff, 0xcc, 0x30, 0x4,
    0x30, 0xc6, 0x18, 0x63, 0x18, 0x1b, 0x9f, 0xfc,
    0x80, 0x2,

    /* U+5C4F "屏" */
    0x3f, 0xff, 0x18, 0x0, 0x8c, 0x0, 0x47, 0xff,
    0xe3, 0x10, 0x41, 0x98, 0x30, 0xc4, 0x30, 0x6f,
    0xff, 0x31, 0x8c, 0x18, 0xc6, 0xf, 0xff, 0xec,
    0x31, 0x86, 0x30, 0xc3, 0x30, 0x61, 0x30, 0x30,

    /* U+5C65 "履" */
    0x3f, 0xff, 0x18, 0x1, 0x8f, 0xff, 0xc6, 0x8,
    0x3, 0x36, 0x1, 0xb3, 0xfc, 0xf3, 0x0, 0x67,
    0xfe, 0x36, 0x7f, 0x1f, 0x21, 0x8f, 0x8f, 0xc,
    0xcf, 0xe6, 0x6e, 0x63, 0x30, 0xe1, 0x1b, 0x8e,

    /* U+5DF2 "已" */
    0xff, 0xfc, 0x0, 0xc, 0x0, 0xc, 0x0, 0xc,
    0x60, 0xc, 0x60, 0xc, 0x7f, 0xfc, 0x60, 0xc,
    0x60, 0x0, 0x60, 0x0, 0x60, 0x1, 0x60, 0x3,
    0x60, 0x3, 0x60, 0x3, 0x3f, 0xfe,

    /* U+5DFE "巾" */
    0x3, 0x0, 0xc, 0x0, 0x30, 0x0, 0xc0, 0xff,
    0xff, 0xc, 0x3c, 0x30, 0xf0, 0xc3, 0xc3, 0xf,
    0xc, 0x3c, 0x30, 0xf0, 0xc3, 0xc3, 0xf, 0xd,
    0xf0, 0x30, 0x0, 0xc0,

    /* U+5E26 "带" */
    0x11, 0x88, 0x11, 0x88, 0xff, 0xff, 0x11, 0x88,
    0x11, 0x88, 0x0, 0x0, 0xff, 0xff, 0xc1, 0x83,
    0xc1, 0x83, 0x3f, 0xfc, 0x31, 0x8c, 0x31, 0x8c,
    0x31, 0x8c, 0x31, 0x8c, 0x31, 0xbc, 0x1, 0x80,

    /* U+5E38 "常" */
    0x1, 0x88, 0x31, 0x8c, 0x19, 0x98, 0xff, 0xff,
    0xc0, 0x3, 0xdf, 0xfb, 0xd8, 0x1b, 0x18, 0x18,
    0x1f, 0xf8, 0x1, 0x80, 0x1, 0x80, 0x7f, 0xfe,
    0x61, 0x86, 0x61, 0x86, 0x61, 0x9e, 0x1, 0x80,

    /* U+5E55 "幕" */
    0xc, 0x30, 0xff, 0xff, 0xc, 0x30, 0x3f, 0xfc,
    0x30, 0x4, 0x3f, 0xfc, 0x30, 0x4, 0x3f, 0xfc,
    0x6, 0x0, 0xff, 0xff, 0x19, 0x98, 0x39, 0x9c,
    0xff, 0xff, 0xd1, 0x8b, 0x11, 0x88, 0x11, 0xb8,

    /* U+5E73 "平" */
    0x7f, 0xfe, 0x1, 0x80, 0x31, 0x8c, 0x31, 0x8c,
    0x19, 0x98, 0x19, 0x98, 0x19, 0x90, 0x1, 0x80,
    0xff, 0xff, 0x1, 0x80, 0x1, 0x80, 0x1, 0x80,
    0x1, 0x80, 0x1, 0x80, 0x1, 0x80,

    /* U+5E76 "并" */
    0x8, 0x10, 0x18, 0x18, 0xc, 0x10, 0xc, 0x30,
    0x7f, 0xfe, 0xc, 0x30, 0xc, 0x30, 0xc, 0x30,
    0xc, 0x30, 0xff, 0xff, 0xc, 0x30, 0x18, 0x30,
    0x18, 0x30, 0x30, 0x30, 0x70, 0x30, 0x40, 0x30,

    /* U+5E7F "广" */
    0x0, 0x40, 0x0, 0x60, 0x0, 0x18, 0x7, 0xff,
    0xf3, 0x0, 0x1, 0x80, 0x0, 0xc0, 0x0, 0x60,
    0x0, 0x30, 0x0, 0x18, 0x0, 0xc, 0x0, 0x6,
    0x0, 0x3, 0x0, 0x3, 0x0, 0x1, 0x80, 0x1,
    0x80, 0x0, 0x0, 0x0, 0x0,

    /* U+5E8F "序" */
    0x0, 0x60, 0x0, 0x18, 0x3, 0xff, 0xfc, 0xc0,
    0x0, 0x30, 0x0, 0xc, 0xff, 0xc3, 0x0, 0x60,
    0xc7, 0x70, 0x30, 0x78, 0xd, 0xff, 0xe3, 0x3,
    0x18, 0xc0, 0xcc, 0x20, 0x32, 0x18, 0xc, 0x6,
    0x3, 0x1, 0x7, 0xc0,

    /* U+5E93 "库" */
    0x0, 0x60, 0x0, 0x18, 0x3, 0xff, 0xfc, 0xc1,
    0x0, 0x30, 0xc0, 0xd, 0xff, 0xe3, 0x18, 0x0,
    0xc6, 0x60, 0x33, 0x18, 0xc, 0xff, 0xc3, 0x1,
    0x80, 0xc0, 0x60, 0x20, 0x18, 0x19, 0xff, 0xf6,
    0x1, 0x81, 0x0, 0x60,

    /* U+5E94 "应" */
    0x0, 0xc0, 0x0, 0xc0, 0x7f, 0xff, 0x60, 0x0,
    0x60, 0x82, 0x6c, 0xc2, 0x6c, 0xc6, 0x64, 0x46,
    0x66, 0x44, 0x66, 0x6c, 0x62, 0x6c, 0x63, 0x18,
    0x40, 0x18, 0xc0, 0x30, 0xdf, 0xff, 0x80, 0x0,

    /* U+5E95 "底" */
    0x0, 0x60, 0x0, 0x18, 0x3, 0xff, 0xfc, 0xc0,
    0x0, 0x30, 0xf, 0xd, 0xff, 0x83, 0x61, 0x80,
    0xd8, 0x60, 0x36, 0x18, 0xd, 0xff, 0xe3, 0x60,
    0xc0, 0xd8, 0x30, 0x36, 0x2c, 0x19, 0x8d, 0x36,
    0x7b, 0x6b, 0x1c, 0x6e, 0x0, 0x0, 0x0,

    /* U+5EA6 "度" */
    0x0, 0x40, 0x0, 0x30, 0xf, 0xff, 0xe6, 0x0,
    0x3, 0x18, 0xc1, 0xff, 0xfc, 0xc6, 0x30, 0x63,
    0x18, 0x31, 0xfc, 0x18, 0x0, 0xf, 0xff, 0xc6,
    0x61, 0xc6, 0x1d, 0xc3, 0x3, 0x81, 0xbf, 0xfe,
    0x9c, 0x7,

    /* U+5EFA "建" */
    0x0, 0x60, 0x7d, 0xff, 0x6, 0x19, 0x86, 0xff,
    0xe3, 0x7f, 0xf3, 0x3, 0x33, 0xef, 0xf9, 0x30,
    0xc0, 0x18, 0x60, 0x6d, 0xff, 0x14, 0x18, 0xe,
    0xff, 0xe3, 0x6, 0x3, 0xc3, 0x1, 0xb8, 0x1,
    0x87, 0xfe,

    /* U+5F00 "开" */
    0x7f, 0xfe, 0xc, 0x30, 0xc, 0x30, 0xc, 0x30,
    0xc, 0x30, 0xc, 0x30, 0xc, 0x30, 0xff, 0xff,
    0xc, 0x30, 0xc, 0x30, 0x18, 0x30, 0x18, 0x30,
    0x30, 0x30, 0x60, 0x30, 0xc0, 0x30,

    /* U+5F02 "异" */
    0x3f, 0xfc, 0x20, 0xc, 0x20, 0xc, 0x3f, 0xfc,
    0x20, 0x2, 0x20, 0x3, 0x3f, 0xfe, 0x0, 0x0,
    0x8, 0x30, 0x8, 0x30, 0xff, 0xff, 0x18, 0x30,
    0x38, 0x30, 0x70, 0x30, 0x40, 0x30,

    /* U+5F0F "式" */
    0x0, 0x6c, 0x0, 0x66, 0x0, 0x62, 0xff, 0xff,
    0x0, 0x60, 0x0, 0x60, 0x0, 0x60, 0x7f, 0x60,
    0x8, 0x20, 0x8, 0x30, 0x8, 0x30, 0x8, 0x31,
    0xf, 0x99, 0xff, 0x19, 0xf0, 0xf, 0x0, 0xe,

    /* U+5F15 "引" */
    0x0, 0x6, 0xff, 0xc, 0x6, 0x18, 0xc, 0x30,
    0x18, 0x6f, 0xf0, 0xd8, 0x1, 0xb0, 0x3, 0x60,
    0x7, 0xff, 0xc, 0x6, 0x18, 0xc, 0x30, 0x18,
    0x60, 0x30, 0xc0, 0xc1, 0x8f, 0x83,

    /* U+5F20 "张" */
    0x1, 0x80, 0xf9, 0x86, 0x19, 0x86, 0x19, 0x8c,
    0x19, 0x98, 0xf9, 0xb0, 0xc1, 0x80, 0xc7, 0xff,
    0x81, 0x90, 0xf9, 0x90, 0x19, 0x98, 0x19, 0x88,
    0x19, 0x8c, 0x19, 0xa6, 0x19, 0xf7, 0xf3, 0x81,
    0x0, 0x0,

    /* U+5F53 "当" */
    0x3, 0x3, 0xc, 0x36, 0x31, 0x98, 0xc6, 0x33,
    0x30, 0xc, 0xf, 0xff, 0xc0, 0x3, 0x0, 0xc,
    0x0, 0x37, 0xff, 0xc0, 0x3, 0x0, 0xc, 0x0,
    0x3f, 0xff, 0xc0, 0x3,

    /* U+5F55 "录" */
    0x7f, 0xfc, 0x0, 0xc, 0x0, 0xc, 0x3f, 0xfc,
    0x0, 0xc, 0x0, 0xc, 0xff, 0xff, 0x21, 0x84,
    0x71, 0x8e, 0x1d, 0xd8, 0xb, 0xf0, 0x1f, 0xb0,
    0x79, 0x9c, 0xe1, 0x87, 0x7, 0x0,

    /* U+5F85 "待" */
    0xc, 0x18, 0x6, 0x6, 0x7, 0x1f, 0xf9, 0x80,
    0x60, 0x4c, 0x18, 0x3, 0x6, 0x1, 0xbf, 0xfc,
    0xe0, 0x8, 0x78, 0x2, 0x16, 0xff, 0xf1, 0x80,
    0x20, 0x63, 0x8, 0x18, 0xc2, 0x6, 0x18, 0x81,
    0x84, 0x20, 0x60, 0x78,

    /* U+5F97 "得" */
    0x0, 0x0, 0xc, 0xff, 0x8c, 0x60, 0xcc, 0x3f,
    0xe4, 0xd8, 0x30, 0xcf, 0xf8, 0x60, 0x0, 0x70,
    0x0, 0x7b, 0xff, 0xac, 0x3, 0x6, 0xff, 0xe3,
    0x10, 0xc1, 0x98, 0x60, 0xc6, 0x30, 0x61, 0x18,
    0x30, 0x38,

    /* U+5FAE "微" */
    0x10, 0x84, 0xc, 0x23, 0x7, 0x4a, 0xc3, 0x92,
    0xb0, 0xdc, 0xaf, 0x87, 0xfa, 0x63, 0x1, 0x99,
    0xdf, 0xe4, 0xf0, 0xd, 0xc, 0xf1, 0xc3, 0x24,
    0x60, 0xc9, 0x58, 0x32, 0x77, 0xd, 0x93, 0xc3,
    0x41, 0x98, 0xd0, 0x42,

    /* U+5FC3 "心" */
    0x3, 0x0, 0x0, 0xc0, 0x0, 0x38, 0x0, 0xe,
    0x0, 0x62, 0x0, 0x30, 0x10, 0xd8, 0xc, 0x4c,
    0x6, 0x66, 0x1, 0x33, 0x0, 0xd9, 0x80, 0x6c,
    0xc1, 0xb4, 0x60, 0xc0, 0x30, 0x60, 0xf, 0xe0,

    /* U+5FC5 "必" */
    0x2, 0x0, 0x3, 0x81, 0x0, 0x71, 0x80, 0x1c,
    0xc0, 0x64, 0xc1, 0x30, 0xc0, 0xd8, 0xe8, 0x4c,
    0x6c, 0x66, 0x63, 0x33, 0x61, 0x91, 0xe0, 0x68,
    0xe0, 0x30, 0xe0, 0xc1, 0xf0, 0x63, 0xd8, 0x30,
    0x7, 0xf0,

    /* U+603B "总" */
    0x0, 0x0, 0x3, 0x6, 0x1, 0x86, 0x0, 0x63,
    0x1, 0xff, 0xe0, 0xc0, 0x30, 0x60, 0x18, 0x30,
    0xc, 0x1f, 0xfe, 0x0, 0x40, 0x0, 0x30, 0x6,
    0xcc, 0x62, 0x63, 0x13, 0x30, 0xd, 0x98, 0x12,
    0xf, 0xf8,

    /* U+6062 "恢" */
    0x30, 0x40, 0x18, 0x20, 0xc, 0x30, 0x7, 0x7f,
    0xf7, 0xcc, 0x3, 0xa4, 0x61, 0xd2, 0xf7, 0xe3,
    0x5a, 0x31, 0xad, 0x19, 0xb5, 0x8c, 0xc3, 0x6,
    0xc3, 0x83, 0x61, 0x61, 0x81, 0x98, 0xc3, 0x8e,
    0x61, 0x3,

    /* U+60C5 "情" */
    0x30, 0x30, 0x19, 0xff, 0x8e, 0xc, 0xf, 0x7f,
    0xe7, 0xc3, 0x3, 0x81, 0x81, 0xdf, 0xff, 0xe0,
    0x0, 0x33, 0xff, 0x19, 0x81, 0x8c, 0xff, 0xc6,
    0x60, 0x63, 0x30, 0x31, 0x9f, 0xf8, 0xcc, 0xc,
    0x66, 0x1c,

    /* U+610F "意" */
    0x1, 0x80, 0x7f, 0xfe, 0x8, 0x10, 0xc, 0x30,
    0xff, 0xff, 0x0, 0x0, 0x3f, 0xfc, 0x30, 0xc,
    0x3f, 0xfc, 0x30, 0xc, 0x3f, 0xfc, 0x3, 0x0,
    0x2d, 0xcc, 0x6c, 0xc6, 0xcc, 0x13, 0x8f, 0xf0,

    /* U+6210 "成" */
    0x0, 0x34, 0x0, 0x1b, 0x80, 0xc, 0x47, 0xff,
    0xf3, 0x3, 0x1, 0x81, 0x80, 0xc0, 0xcc, 0x7f,
    0x26, 0x31, 0x93, 0x18, 0xcf, 0xc, 0x67, 0x86,
    0x33, 0x83, 0x19, 0xcb, 0x39, 0xe5, 0x87, 0x9e,
    0x81, 0x87,

    /* U+6216 "或" */
    0x0, 0x6c, 0x0, 0x6e, 0x0, 0x62, 0xff, 0xff,
    0x0, 0x60, 0x0, 0x60, 0x7e, 0x66, 0x62, 0x66,
    0x62, 0x6c, 0x62, 0x2c, 0x7e, 0x38, 0x0, 0x30,
    0xf, 0x79, 0xfc, 0xf9, 0x83, 0xcf, 0x1, 0x6,

    /* U+624B "手" */
    0x0, 0xfc, 0x7f, 0xe0, 0x1, 0x80, 0x1, 0x80,
    0x1, 0x80, 0x7f, 0xfe, 0x1, 0x80, 0x1, 0x80,
    0x1, 0x80, 0xff, 0xff, 0x1, 0x80, 0x1, 0x80,
    0x1, 0x80, 0x1, 0x80, 0x1, 0x80, 0xf, 0x0,

    /* U+624D "才" */
    0x0, 0x10, 0x0, 0x8, 0x0, 0x4, 0xf, 0xff,
    0xf7, 0xff, 0xf8, 0x7, 0x80, 0x3, 0x40, 0x3,
    0x20, 0x3, 0x10, 0x3, 0x8, 0x7, 0x4, 0x7,
    0x2, 0xf, 0x1, 0x3, 0x0, 0x80, 0x7, 0xc0,
    0x1, 0xe0,

    /* U+6253 "打" */
    0x18, 0x0, 0xc, 0x0, 0x6, 0x7f, 0xe3, 0x1,
    0x8f, 0xe0, 0xc0, 0xc0, 0x60, 0x60, 0x30, 0x30,
    0x18, 0x1e, 0xc, 0x7e, 0x6, 0x36, 0x3, 0x3,
    0x1, 0x81, 0x80, 0xc0, 0xc0, 0x60, 0x60, 0x30,
    0xe0, 0xf0,

    /* U+626B "扫" */
    0x30, 0x0, 0x30, 0x0, 0x31, 0xff, 0x31, 0xff,
    0xfc, 0x3, 0x30, 0x3, 0x30, 0x3, 0x30, 0x3,
    0x3d, 0xff, 0xfc, 0x3, 0xf0, 0x3, 0x30, 0x3,
    0x30, 0x3, 0x30, 0x3, 0x31, 0xff, 0x70, 0x3,

    /* U+627E "找" */
    0x30, 0xc0, 0x30, 0xd8, 0x30, 0xcc, 0x30, 0xc4,
    0xfc, 0xcf, 0x33, 0xfe, 0x30, 0xc0, 0x30, 0x66,
    0x3c, 0x64, 0xf8, 0x6c, 0xf0, 0x78, 0x30, 0x30,
    0x30, 0x71, 0x30, 0xf1, 0x33, 0x9f, 0x70, 0xf,
    0x0, 0x2,

    /* U+628A "把" */
    0x30, 0x0, 0x18, 0xff, 0x8c, 0x4c, 0xc6, 0x26,
    0x6f, 0xd3, 0x31, 0x89, 0x98, 0xc4, 0xcc, 0x62,
    0x66, 0x3d, 0xff, 0x78, 0x81, 0x8c, 0x40, 0x6,
    0x20, 0x3, 0x10, 0x19, 0x88, 0xc, 0xc4, 0x6,
    0xe1, 0xfe,

    /* U+62A5 "报" */
    0x30, 0x0, 0x18, 0xff, 0x8c, 0x40, 0xc6, 0x20,
    0x6f, 0xd0, 0x31, 0x89, 0xf0, 0xc4, 0x0, 0x63,
    0xfe, 0x3d, 0x63, 0x7c, 0xb1, 0xac, 0x4d, 0x86,
    0x27, 0xc3, 0x11, 0xc1, 0x88, 0xe0, 0xc4, 0xfd,
    0xe3, 0xc3,

    /* U+62C9 "拉" */
    0x30, 0x30, 0x18, 0x18, 0xc, 0x4, 0x6, 0x0,
    0xf, 0xdf, 0xf9, 0x80, 0x0, 0xc3, 0x18, 0x61,
    0x8c, 0x3c, 0xc6, 0x7c, 0x63, 0x2c, 0x11, 0x6,
    0x9, 0x83, 0x6, 0xc1, 0x80, 0x60, 0xcf, 0xfe,
    0xe0, 0x0,

    /* U+62D2 "拒" */
    0x30, 0x0, 0x31, 0xff, 0x31, 0x0, 0xfd, 0x0,
    0xfd, 0x0, 0x31, 0xfe, 0x31, 0x6, 0x31, 0x6,
    0x3d, 0x6, 0xfd, 0x6, 0xf1, 0xfe, 0x31, 0x0,
    0x31, 0x0, 0x31, 0x0, 0x31, 0x0, 0x71, 0xff,

    /* U+62E9 "择" */
    0x30, 0x0, 0x19, 0xff, 0x8c, 0x21, 0x86, 0x19,
    0x8f, 0xc7, 0x81, 0x83, 0xc0, 0xcf, 0x3e, 0x7e,
    0x66, 0x7c, 0x30, 0x78, 0xff, 0xc, 0xc, 0x6,
    0x6, 0x3, 0x3f, 0xf9, 0x81, 0x80, 0xc0, 0xc0,
    0xe0, 0x60,

    /* U+6301 "持" */
    0x30, 0x10, 0x18, 0x8, 0xc, 0x7f, 0xc6, 0x3f,
    0xef, 0xc1, 0x1, 0x80, 0x80, 0xcf, 0xfe, 0x60,
    0xc, 0x3c, 0x6, 0x79, 0xff, 0xcc, 0x1, 0x86,
    0x18, 0xc3, 0xc, 0x61, 0x83, 0x30, 0xc1, 0x18,
    0xe0, 0x38,

    /* U+6309 "按" */
    0x30, 0x30, 0x18, 0x18, 0xc, 0x6, 0x6, 0x7f,
    0xff, 0xf0, 0x19, 0x99, 0xc, 0xc1, 0x80, 0x67,
    0xff, 0x3c, 0xc6, 0x7e, 0x63, 0x3c, 0x61, 0x6,
    0x1d, 0x83, 0x7, 0x81, 0x81, 0xe0, 0xc3, 0x9c,
    0xe7, 0x3,

    /* U+6311 "挑" */
    0x30, 0xd8, 0x18, 0x6c, 0xc, 0x36, 0x6, 0x5b,
    0x3f, 0xfd, 0xb1, 0x8e, 0xf0, 0xc3, 0x68, 0x69,
    0xb0, 0x3c, 0xde, 0x78, 0xef, 0xad, 0xf6, 0x66,
    0xdb, 0x13, 0x19, 0x81, 0x8c, 0xc4, 0xcc, 0x63,
    0xec, 0x3e,

    /* U+6362 "换" */
    0x20, 0xc0, 0x10, 0x60, 0x8, 0x7f, 0x84, 0x31,
    0x8f, 0xb0, 0x81, 0x3f, 0xf0, 0x8c, 0xd8, 0x46,
    0x6c, 0x3b, 0x36, 0x7d, 0x9b, 0x29, 0xff, 0xc4,
    0xe, 0x2, 0xd, 0x81, 0xe, 0x60, 0x8c, 0x19,
    0xd8, 0x6,

    /* U+636E "据" */
    0x30, 0x0, 0x31, 0xff, 0x31, 0x3, 0xfd, 0x3,
    0xfd, 0xff, 0x31, 0x18, 0x31, 0x18, 0x33, 0x18,
    0x3f, 0xff, 0xff, 0x18, 0xf3, 0x18, 0x33, 0xff,
    0x32, 0x83, 0x32, 0x83, 0x36, 0x83, 0xf4, 0xff,

    /* U+63A5 "接" */
    0x20, 0x60, 0x20, 0x30, 0x23, 0xff, 0x23, 0xff,
    0xf9, 0x8c, 0x20, 0xc8, 0x27, 0xff, 0x20, 0x60,
    0x38, 0x40, 0xf7, 0xff, 0x21, 0x8c, 0x21, 0x8c,
    0x23, 0xf8, 0x20, 0x78, 0x20, 0xfe, 0xe7, 0x83,

    /* U+63A7 "控" */
    0x20, 0x60, 0x20, 0x30, 0x27, 0xff, 0xfe, 0x3,
    0x26, 0xdb, 0x21, 0x8c, 0x23, 0x86, 0x27, 0x3,
    0x3a, 0x0, 0xf3, 0xfe, 0xa0, 0x20, 0x20, 0x20,
    0x20, 0x20, 0x20, 0x20, 0x20, 0x20, 0xe7, 0xff,

    /* U+63A8 "推" */
    0x30, 0xd0, 0x30, 0x98, 0x31, 0x98, 0x31, 0x88,
    0xfd, 0xff, 0x33, 0x98, 0x37, 0x98, 0x37, 0xff,
    0x3d, 0x98, 0xf1, 0x98, 0x31, 0xff, 0x31, 0x98,
    0x31, 0x98, 0x31, 0x98, 0x31, 0xff, 0x71, 0x80,

    /* U+63CF "描" */
    0x20, 0x84, 0x10, 0x42, 0x8, 0x21, 0x4, 0xff,
    0xff, 0x88, 0x41, 0x4, 0x20, 0x80, 0x0, 0x47,
    0xfe, 0x3b, 0x33, 0x7d, 0x99, 0xb8, 0xcc, 0xc4,
    0x7f, 0xe2, 0x33, 0x31, 0x19, 0x98, 0x8f, 0xfd,
    0xc6, 0x6,

    /* U+6458 "摘" */
    0x20, 0x30, 0x13, 0xff, 0xc8, 0x61, 0x9f, 0x18,
    0x8f, 0x8c, 0xc1, 0x1f, 0xf8, 0x88, 0xcc, 0x44,
    0x66, 0x3a, 0xff, 0x7d, 0x19, 0xa8, 0xbe, 0xc4,
    0x59, 0x62, 0x2c, 0xb1, 0x17, 0xd8, 0x88, 0xd,
    0xc4, 0xe,

    /* U+64AD "播" */
    0x30, 0x7, 0xc, 0xff, 0x3, 0x19, 0x30, 0xc2,
    0x48, 0xfc, 0xd6, 0xc, 0xff, 0xe3, 0x7, 0xc0,
    0xc3, 0x58, 0x3d, 0x93, 0x3f, 0xc4, 0x6f, 0x1f,
    0xf0, 0xc4, 0x4c, 0x31, 0xff, 0xc, 0x44, 0xc3,
    0x11, 0x33, 0xc7, 0xfc,

    /* U+64CD "操" */
    0x20, 0x0, 0x10, 0x7e, 0x8, 0x23, 0x1f, 0x1f,
    0x8f, 0x80, 0x1, 0x1e, 0xf8, 0x89, 0x44, 0x54,
    0xa2, 0x7b, 0xdf, 0x70, 0x10, 0x28, 0x8, 0x4,
    0xff, 0xe2, 0x7, 0x1, 0xf, 0x60, 0x9c, 0x9c,
    0xc8, 0x42,

    /* U+64E6 "擦" */
    0x20, 0x60, 0x20, 0x20, 0x27, 0xff, 0xff, 0x93,
    0xf9, 0xfe, 0x22, 0x5a, 0x27, 0xce, 0x23, 0x8c,
    0x7b, 0xfe, 0xf7, 0x3, 0xe6, 0x1, 0x23, 0xfe,
    0x20, 0x24, 0x23, 0x26, 0x22, 0x23, 0x64, 0xe0,

    /* U+6536 "收" */
    0x6, 0x30, 0x3, 0x10, 0x19, 0x98, 0xc, 0xcc,
    0x6, 0x67, 0xfb, 0x36, 0x19, 0x9b, 0x88, 0xcf,
    0x4c, 0x66, 0xa6, 0x33, 0x1a, 0x1f, 0x87, 0x1f,
    0xc3, 0x4, 0x61, 0xc0, 0x33, 0xb0, 0x1b, 0x8e,
    0xd, 0x2,

    /* U+653E "放" */
    0x18, 0x30, 0xc, 0x18, 0x0, 0x8, 0x1f, 0xef,
    0xf3, 0x6, 0x21, 0x83, 0x30, 0xc3, 0x98, 0x7f,
    0xcc, 0x32, 0xb4, 0x19, 0x1e, 0x8, 0x87, 0x4,
    0x43, 0x6, 0x21, 0xc3, 0x31, 0xf3, 0x1b, 0x9d,
    0x3f, 0x2,

    /* U+6545 "故" */
    0x18, 0x20, 0xc, 0x30, 0x6, 0x18, 0x1f, 0xef,
    0xe1, 0x84, 0x60, 0xc6, 0x30, 0x63, 0x98, 0x33,
    0xc8, 0x7e, 0x2c, 0x21, 0x1e, 0x10, 0x8e, 0x8,
    0x43, 0x4, 0x23, 0xc3, 0xf3, 0x71, 0x7, 0x1e,
    0x3, 0x6,

    /* U+6570 "数" */
    0x8, 0x10, 0x24, 0x98, 0x1a, 0xcc, 0x1, 0x6,
    0xf, 0xfb, 0xf9, 0xf3, 0x11, 0xad, 0xc9, 0x91,
    0xec, 0x18, 0xd6, 0x7f, 0x8e, 0x8, 0xc3, 0xe,
    0xc3, 0x81, 0xe1, 0xe0, 0xf3, 0xbb, 0xcb, 0x8f,
    0x81, 0x2,

    /* U+6574 "整" */
    0x8, 0x30, 0xff, 0x20, 0x8, 0x7f, 0x7f, 0x66,
    0x49, 0xf4, 0x7f, 0x1c, 0x3e, 0x18, 0x6b, 0x7e,
    0xc8, 0xe7, 0x0, 0x0, 0x7f, 0xfe, 0x1, 0x80,
    0x11, 0xfc, 0x11, 0x80, 0x11, 0x80, 0xff, 0xff,

    /* U+6587 "文" */
    0x1, 0x80, 0x1, 0x80, 0x0, 0xc0, 0xff, 0xff,
    0x18, 0x18, 0x18, 0x18, 0xc, 0x30, 0xc, 0x30,
    0x6, 0x60, 0x3, 0xc0, 0x1, 0xc0, 0x3, 0xc0,
    0xe, 0x70, 0x3c, 0x3c, 0xf0, 0xf, 0xc0, 0x2,

    /* U+65AD "断" */
    0x8, 0x6, 0x88, 0x3e, 0xaa, 0xf8, 0xaa, 0xc0,
    0xbc, 0xc0, 0xff, 0xc0, 0x88, 0xff, 0x9c, 0xcc,
    0x9e, 0xcc, 0xba, 0xcc, 0xe8, 0xcc, 0xc8, 0xcc,
    0x88, 0x8c, 0x80, 0x8c, 0xff, 0x8c, 0x1, 0xc,

    /* U+65B0 "新" */
    0x18, 0x0, 0x8, 0x1f, 0xff, 0xf0, 0x63, 0x60,
    0x22, 0x60, 0x36, 0x60, 0xff, 0xff, 0x8, 0x66,
    0x8, 0x66, 0xff, 0xe6, 0x8, 0x66, 0x6b, 0x66,
    0x49, 0x46, 0xc9, 0xc6, 0x8, 0xc6, 0x38, 0xc6,

    /* U+65B9 "方" */
    0x1, 0x80, 0x1, 0x80, 0x0, 0xc0, 0xff, 0xff,
    0x6, 0x0, 0x6, 0x0, 0x6, 0x0, 0xf, 0xfc,
    0xc, 0xc, 0xc, 0xc, 0xc, 0xc, 0x18, 0xc,
    0x18, 0xc, 0x30, 0xc, 0x60, 0x18, 0xc0, 0xf8,

    /* U+65E0 "无" */
    0x7f, 0xfe, 0x1, 0x0, 0x1, 0x0, 0x1, 0x0,
    0x1, 0x0, 0x1, 0x0, 0xff, 0xff, 0x3, 0xc0,
    0x3, 0xc0, 0x6, 0xc0, 0x6, 0xc0, 0xc, 0xc2,
    0x18, 0xc3, 0x30, 0xc3, 0xe0, 0x7e,

    /* U+65F6 "时" */
    0x0, 0xc, 0x0, 0xc, 0xfc, 0xc, 0xcc, 0xc,
    0xcd, 0xff, 0xcc, 0xc, 0xcc, 0xc, 0xfd, 0x8c,
    0xcc, 0xcc, 0xcc, 0xcc, 0xcc, 0x6c, 0xcc, 0xc,
    0xfc, 0xc, 0xc0, 0xc, 0xc0, 0xc, 0x0, 0x78,

    /* U+660E "明" */
    0xfc, 0xff, 0xcc, 0xc3, 0xcc, 0xc3, 0xcc, 0xc3,
    0xcc, 0xff, 0xfc, 0xff, 0xcc, 0xc3, 0xcc, 0xc3,
    0xcc, 0xff, 0xfc, 0xc3, 0xc1, 0x83, 0xc1, 0x83,
    0x3, 0x3, 0x6, 0x3, 0xc, 0xf,

    /* U+662F "是" */
    0x1f, 0xfe, 0x8, 0x3, 0x7, 0xff, 0x82, 0x0,
    0xc1, 0xff, 0xe0, 0x0, 0x0, 0x0, 0x0, 0xff,
    0xff, 0x0, 0xc0, 0x6, 0x60, 0x6, 0x3f, 0xc3,
    0x98, 0x3, 0x6c, 0x1, 0xbe, 0x1, 0x87, 0xfe,

    /* U+663E "显" */
    0x3f, 0xfe, 0x18, 0x3, 0xc, 0x1, 0x87, 0xff,
    0xc3, 0x0, 0x61, 0x80, 0x30, 0xff, 0xf8, 0x4,
    0x40, 0x62, 0x23, 0x19, 0x13, 0x4, 0x89, 0x3,
    0x45, 0x80, 0x22, 0x7, 0xff, 0xfc,

    /* U+666F "景" */
    0x3f, 0xfc, 0x3f, 0xfc, 0x30, 0xc, 0x30, 0xc,
    0x3f, 0xfc, 0x1, 0x80, 0xff, 0xff, 0x0, 0x0,
    0x3f, 0xfc, 0x30, 0xc, 0x30, 0xc, 0x3f, 0xfc,
    0x19, 0x90, 0x71, 0x8e, 0xc7, 0x83,

    /* U+6670 "晰" */
    0x1, 0x5, 0xe2, 0x7e, 0x44, 0x84, 0x89, 0x9,
    0x7e, 0x12, 0x24, 0x24, 0x4f, 0xf9, 0x9f, 0x93,
    0xa5, 0x2e, 0xca, 0x5c, 0x94, 0xe9, 0x2f, 0x52,
    0x50, 0x2c, 0x80, 0x51, 0x0, 0xa2,

    /* U+6682 "暂" */
    0x18, 0x6, 0x7f, 0xbf, 0x98, 0x18, 0x9, 0x8c,
    0xf, 0xf7, 0xf8, 0x63, 0x60, 0x3d, 0xb1, 0xff,
    0x98, 0xc, 0xcc, 0x6, 0x6, 0xf, 0xff, 0x6,
    0x1, 0x83, 0xff, 0xc1, 0x80, 0x60, 0xc0, 0x30,
    0x7f, 0xf8,

    /* U+66DC "曜" */
    0xf3, 0xdf, 0x96, 0x5b, 0x93, 0x4b, 0x91, 0xcf,
    0x97, 0x5b, 0x90, 0x53, 0xf1, 0x90, 0x93, 0xff,
    0x97, 0x10, 0x9f, 0xfe, 0xf3, 0x10, 0xf3, 0xfe,
    0x83, 0x10, 0x3, 0x10, 0x3, 0xff,

    /* U+66F4 "更" */
    0xff, 0xff, 0x0, 0xc0, 0x0, 0x60, 0x7, 0xff,
    0xc2, 0x18, 0x61, 0xc, 0x30, 0xff, 0xf8, 0x43,
    0xc, 0x21, 0x86, 0x1f, 0xff, 0xc, 0x60, 0x3,
    0x60, 0x0, 0xf0, 0x0, 0xfc, 0x3, 0xc3, 0xfc,

    /* U+6709 "有" */
    0x2, 0x0, 0x6, 0x0, 0xff, 0xff, 0xc, 0x0,
    0xc, 0x0, 0x18, 0x0, 0x3f, 0xfc, 0x38, 0xc,
    0x78, 0xc, 0xdf, 0xfc, 0x98, 0xc, 0x18, 0xc,
    0x1f, 0xfc, 0x18, 0xc, 0x18, 0xc, 0x18, 0x3c,

    /* U+671F "期" */
    0x23, 0x0, 0x23, 0x3f, 0xff, 0xa3, 0x23, 0x23,
    0x23, 0x23, 0x3f, 0x3f, 0x23, 0x23, 0x23, 0x23,
    0x3f, 0x23, 0x23, 0x3f, 0x23, 0x3f, 0xff, 0xe3,
    0x22, 0x63, 0x36, 0x63, 0x63, 0x43, 0xc0, 0xcf,

    /* U+672A "未" */
    0x0, 0xc0, 0x0, 0x60, 0x0, 0x30, 0x7, 0xff,
    0xe0, 0xc, 0x0, 0x6, 0x0, 0x3, 0x0, 0xff,
    0xff, 0x1, 0xe0, 0x1, 0xf8, 0x1, 0xb6, 0x1,
    0x99, 0x83, 0x8c, 0x73, 0x86, 0x1d, 0x83, 0x6,
    0x1, 0x80,

    /* U+672C "本" */
    0x0, 0xc0, 0x0, 0x30, 0x0, 0xc, 0x0, 0x3,
    0x0, 0x7f, 0xff, 0x80, 0xfc, 0x0, 0x6d, 0x0,
    0x1b, 0x60, 0xc, 0xcc, 0x7, 0x33, 0x1, 0x8c,
    0x60, 0xc3, 0x1c, 0x6f, 0xfd, 0x80, 0x30, 0x0,
    0xc, 0x0, 0x3, 0x0,

    /* U+673A "机" */
    0x10, 0x0, 0x8, 0x7e, 0x4, 0x23, 0x2, 0x11,
    0x8f, 0xe8, 0xc1, 0x84, 0x60, 0xe2, 0x30, 0x71,
    0x18, 0x74, 0x8c, 0x2b, 0x46, 0x34, 0xa3, 0x1a,
    0x31, 0x89, 0x18, 0xc8, 0x88, 0x64, 0x4c, 0x32,
    0x24, 0x1f,

    /* U+6742 "杂" */
    0x2, 0x0, 0x2, 0x0, 0x7f, 0xf0, 0x6, 0x10,
    0xc, 0x11, 0x18, 0x11, 0x70, 0x1f, 0xc1, 0x80,
    0x1, 0x80, 0xff, 0xff, 0x1, 0x80, 0x19, 0x98,
    0x39, 0x8c, 0x71, 0x86, 0xe1, 0x86, 0x7, 0x80,

    /* U+6761 "条" */
    0x2, 0x0, 0x3, 0x0, 0x3, 0xff, 0x3, 0x83,
    0x7, 0x77, 0x0, 0x1f, 0x0, 0x1f, 0xc0, 0xfc,
    0x7f, 0xf0, 0x87, 0x0, 0x40, 0xf, 0xff, 0x80,
    0x10, 0x0, 0xc9, 0x80, 0xc4, 0x61, 0xc2, 0x18,
    0x7, 0x0,

    /* U+6765 "来" */
    0x1, 0x80, 0x1, 0x80, 0x7f, 0xfe, 0x11, 0x88,
    0x31, 0x8c, 0x19, 0x88, 0x19, 0x98, 0x9, 0x90,
    0xff, 0xff, 0x3, 0xc0, 0x7, 0xe0, 0x1d, 0xb0,
    0x39, 0x9c, 0xf1, 0x8e, 0xc1, 0x83, 0x1, 0x80,

    /* U+677F "板" */
    0x18, 0x7, 0xc, 0xff, 0x6, 0x60, 0xf, 0xf0,
    0x7, 0xf8, 0x0, 0xcf, 0xf8, 0xf7, 0x8c, 0x7f,
    0x46, 0x3b, 0xb2, 0x2c, 0xdb, 0x36, 0x67, 0x9b,
    0x33, 0x81, 0xb1, 0xc0, 0xd9, 0xb0, 0x6f, 0x8e,
    0x35, 0x82,

    /* U+6790 "析" */
    0x10, 0x4, 0x10, 0x3e, 0x10, 0xf0, 0x10, 0x80,
    0xfe, 0x80, 0x30, 0x80, 0x38, 0xff, 0x3c, 0x8c,
    0x76, 0x8c, 0x54, 0x8c, 0xd0, 0x8c, 0x91, 0x8c,
    0x91, 0x8c, 0x11, 0x8c, 0x13, 0xc, 0x11, 0xc,

    /* U+679C "果" */
    0x3f, 0xfc, 0x18, 0xc6, 0xc, 0x63, 0x7, 0xff,
    0x83, 0x18, 0xc1, 0x8c, 0x60, 0xff, 0xf0, 0x3,
    0x0, 0x1, 0x80, 0x7f, 0xff, 0x81, 0xf8, 0x1,
    0xb6, 0x3, 0x99, 0xe7, 0xc, 0x38, 0x6, 0x0,

    /* U+67E5 "查" */
    0x0, 0xc0, 0x0, 0x30, 0x7, 0xff, 0xf8, 0xf,
    0xc0, 0x6, 0xd8, 0x3, 0x33, 0x83, 0x8c, 0x71,
    0xc0, 0xe, 0x4f, 0xfc, 0x82, 0x3, 0x0, 0xff,
    0xc0, 0x20, 0x30, 0xf, 0xfc, 0x0, 0x0, 0x0,
    0x0, 0x1, 0xff, 0xfe,

    /* U+6807 "标" */
    0x18, 0x0, 0xc, 0x7f, 0x86, 0x0, 0x1f, 0xc0,
    0xf, 0xe0, 0x7, 0xf0, 0x0, 0xe7, 0xfe, 0x78,
    0x30, 0x3a, 0x18, 0x3d, 0x6d, 0x36, 0x26, 0xdb,
    0x13, 0x61, 0x99, 0x98, 0xc8, 0xcc, 0x64, 0x66,
    0x30, 0xe0,

    /* U+6821 "校" */
    0x18, 0x30, 0xc, 0xc, 0x6, 0x4, 0x3, 0x3f,
    0xf7, 0xe0, 0x0, 0xc2, 0x30, 0xf3, 0xc, 0x7b,
    0x8b, 0x3f, 0x46, 0x3d, 0x36, 0x16, 0xf, 0x1b,
    0x7, 0x1, 0x83, 0xc0, 0xc3, 0x70, 0x67, 0x1e,
    0x32, 0x2,

    /* U+6837 "样" */
    0x19, 0x83, 0xc, 0x61, 0x86, 0x11, 0x8f, 0xff,
    0xf1, 0x81, 0x80, 0xc0, 0xc0, 0xf0, 0x60, 0x7b,
    0xfe, 0x3c, 0x18, 0x3c, 0xc, 0x16, 0x6, 0x1b,
    0x7f, 0xf1, 0x81, 0x80, 0xc0, 0xc0, 0x60, 0x60,
    0x30, 0x30,

    /* U+6838 "核" */
    0x18, 0x18, 0xc, 0xc, 0x6, 0x6, 0x3, 0x3f,
    0xf7, 0xe3, 0x0, 0xc3, 0x10, 0x71, 0x18, 0x7b,
    0xf8, 0x3e, 0x19, 0x3c, 0x19, 0x96, 0x39, 0xdb,
    0x31, 0xc1, 0x81, 0xc0, 0xc3, 0xb8, 0x67, 0x8e,
    0x33, 0x2,

    /* U+6848 "案" */
    0x1, 0x80, 0xff, 0xff, 0xc3, 0x3, 0x2, 0x0,
    0xff, 0xff, 0xc, 0x30, 0x1c, 0x60, 0xf, 0xe0,
    0xf, 0xfc, 0x79, 0x8e, 0x1, 0x80, 0xff, 0xff,
    0x7, 0xe0, 0x1d, 0xb8, 0xf1, 0x8f, 0xc1, 0x83,

    /* U+684C "桌" */
    0x1, 0x80, 0x1, 0xfe, 0x1, 0x80, 0x1, 0x80,
    0x3f, 0xfc, 0x30, 0xc, 0x3f, 0xfc, 0x30, 0xc,
    0x3f, 0xfc, 0x1, 0x80, 0x1, 0x80, 0xff, 0xff,
    0x7, 0xe0, 0x1d, 0xb8, 0xf1, 0x8f, 0xc1, 0x83,

    /* U+6A21 "模" */
    0x30, 0xcc, 0x33, 0xff, 0x33, 0xff, 0xfc, 0xcc,
    0xfd, 0xfe, 0x31, 0x2, 0x39, 0x2, 0x79, 0xfe,
    0x7d, 0x2, 0xfd, 0xfe, 0xf0, 0x30, 0xb7, 0xff,
    0x30, 0x78, 0x30, 0xcc, 0x37, 0x87, 0x33, 0x3,

    /* U+6A59 "橙" */
    0x18, 0x8, 0x6, 0x7f, 0xc1, 0x82, 0x60, 0x64,
    0x92, 0x7f, 0xe7, 0x86, 0x3f, 0xc3, 0xb8, 0x1c,
    0xf3, 0xfc, 0x3e, 0xc3, 0x1e, 0xb0, 0xc5, 0x8f,
    0xf1, 0x60, 0x88, 0x18, 0x66, 0x6, 0x19, 0x81,
    0x82, 0x40, 0x6f, 0xff,

    /* U+6B21 "次" */
    0x1, 0x80, 0x0, 0xc0, 0x38, 0xc0, 0x6, 0x7f,
    0xe0, 0x60, 0x30, 0x33, 0x30, 0x31, 0x98, 0x8,
    0xc8, 0x10, 0x60, 0x18, 0x78, 0x1c, 0x3c, 0xc,
    0x3b, 0xc, 0x19, 0xc6, 0x38, 0x70, 0x38, 0x1c,
    0x18, 0x6,

    /* U+6B62 "止" */
    0x0, 0xc0, 0x0, 0xc0, 0x0, 0xc0, 0x0, 0xc0,
    0x30, 0xc0, 0x30, 0xc0, 0x30, 0xfe, 0x30, 0xc0,
    0x30, 0xc0, 0x30, 0xc0, 0x30, 0xc0, 0x30, 0xc0,
    0x30, 0xc0, 0x30, 0xc0, 0xff, 0xff,

    /* U+6B63 "正" */
    0x7f, 0xff, 0x0, 0x80, 0x0, 0x80, 0x0, 0x80,
    0x0, 0x80, 0x30, 0x80, 0x30, 0xfe, 0x30, 0x80,
    0x30, 0x80, 0x30, 0x80, 0x30, 0x80, 0x30, 0x80,
    0x30, 0x80, 0xff, 0xff,

    /* U+6B64 "此" */
    0xc, 0x60, 0x6, 0x30, 0x3, 0x18, 0x1, 0x8c,
    0x6, 0xc6, 0x23, 0x63, 0x39, 0xbd, 0xf8, 0xd8,
    0xf0, 0x6c, 0x60, 0x36, 0x30, 0x1b, 0x18, 0xd,
    0x8c, 0x6, 0xc6, 0x1b, 0x63, 0xd, 0xfd, 0x87,
    0xfc, 0x7e,

    /* U+6B65 "步" */
    0x1, 0x80, 0x11, 0x80, 0x11, 0xfc, 0x11, 0x80,
    0x11, 0x80, 0xff, 0xff, 0x1, 0x80, 0x19, 0x86,
    0x19, 0x8c, 0x31, 0x9c, 0x61, 0xb8, 0x1, 0xf0,
    0x3, 0xc0, 0x1f, 0x80, 0xfc, 0x0, 0x40, 0x0,

    /* U+6BCF "每" */
    0xc, 0x0, 0x3, 0x0, 0x1, 0xff, 0xf8, 0x40,
    0x0, 0x30, 0x0, 0x1b, 0xff, 0x80, 0x98, 0x60,
    0x23, 0x18, 0x18, 0x66, 0x1f, 0xff, 0xf1, 0x98,
    0x60, 0x67, 0x18, 0x10, 0x66, 0x7, 0xff, 0xe0,
    0x0, 0xc0, 0x0, 0xf0,

    /* U+6C42 "求" */
    0x1, 0x90, 0x0, 0xce, 0x0, 0x63, 0x1f, 0xff,
    0xe0, 0x18, 0x3, 0xc, 0x30, 0xc7, 0x38, 0x33,
    0xb8, 0x19, 0xf0, 0x3, 0xd8, 0x7, 0xe6, 0xf,
    0x31, 0x8e, 0x18, 0x74, 0xc, 0x18, 0x3e, 0x0,
    0x1e, 0x0,

    /* U+6CA1 "没" */
    0x71, 0xfc, 0x18, 0xc6, 0x0, 0x63, 0x0, 0x71,
    0x8c, 0x70, 0xff, 0xb0, 0x0, 0x90, 0x0, 0xf,
    0xfe, 0x13, 0x6, 0xc, 0xc7, 0xc, 0x37, 0x6,
    0xf, 0x6, 0xf, 0x86, 0x3e, 0xf9, 0x38, 0x1e,

    /* U+6CD5 "法" */
    0x40, 0x20, 0x70, 0x20, 0x18, 0x20, 0x3, 0xfe,
    0x0, 0x20, 0xc0, 0x20, 0xe0, 0x20, 0x30, 0x20,
    0x7, 0xff, 0x0, 0x60, 0x18, 0xc0, 0x10, 0xcc,
    0x31, 0x8c, 0x63, 0x6, 0x67, 0xff, 0xc3, 0x83,
    0x0, 0x0,

    /* U+6CE2 "波" */
    0x20, 0x30, 0x38, 0x18, 0x6, 0xc, 0x1, 0x7f,
    0xf0, 0x33, 0x1a, 0x19, 0x99, 0xcc, 0xc4, 0x27,
    0xfe, 0x3, 0xc2, 0x1, 0xa3, 0x6, 0xdb, 0x2,
    0x67, 0x83, 0x63, 0x81, 0xb3, 0xe1, 0x9f, 0xbc,
    0x5b, 0x7,

    /* U+6D41 "流" */
    0x60, 0x60, 0x30, 0x20, 0x17, 0xff, 0x0, 0xc0,
    0x1, 0x8c, 0xc1, 0x86, 0xf7, 0xff, 0x34, 0x3,
    0x0, 0x0, 0x3, 0x6c, 0x13, 0x6c, 0x1b, 0x6c,
    0x33, 0x6c, 0x62, 0x6d, 0x66, 0x6d, 0x4c, 0x67,

    /* U+6D4B "测" */
    0x60, 0x1, 0x7f, 0xed, 0x14, 0x2d, 0x5, 0xad,
    0x5, 0xad, 0xe5, 0xad, 0x75, 0xad, 0x5, 0xad,
    0x5, 0xad, 0x5, 0xad, 0x35, 0xad, 0x35, 0x2d,
    0x21, 0x1, 0x63, 0x41, 0x66, 0x61, 0x4c, 0x27,

    /* U+6E05 "清" */
    0x20, 0x30, 0x1d, 0xff, 0x86, 0xc, 0x0, 0x7f,
    0xe0, 0x3, 0x3, 0x1, 0x81, 0xdf, 0xfe, 0x20,
    0x0, 0x3, 0xff, 0x1, 0x81, 0x86, 0xff, 0xc3,
    0x60, 0x63, 0x30, 0x31, 0x9f, 0xf9, 0x8c, 0xc,
    0x46, 0x1c,

    /* U+70B9 "点" */
    0x1, 0x80, 0x1, 0x80, 0x1, 0xfe, 0x1, 0x80,
    0x1, 0x80, 0x3f, 0xfe, 0x30, 0x6, 0x30, 0x6,
    0x30, 0x6, 0x30, 0x6, 0x3f, 0xfe, 0x0, 0x0,
    0x34, 0x66, 0x76, 0x62, 0x66, 0x33, 0xc6, 0x31,

    /* U+70ED "热" */
    0x30, 0x40, 0x30, 0x40, 0x30, 0x40, 0xff, 0xfc,
    0x30, 0x4c, 0x30, 0x4c, 0x3d, 0x4c, 0xfb, 0xcc,
    0xf0, 0xec, 0x31, 0xbd, 0x33, 0x8d, 0x72, 0x7,
    0x0, 0x4, 0x64, 0x46, 0x64, 0x66, 0xc6, 0x63,
    0x0, 0x0,

    /* U+7136 "然" */
    0xc, 0xa, 0xc, 0x5, 0x87, 0xe2, 0x66, 0x31,
    0x27, 0xdf, 0xff, 0x18, 0x61, 0xcc, 0x70, 0x3c,
    0x38, 0xc, 0x36, 0x1c, 0x39, 0x9c, 0x38, 0xec,
    0x30, 0x32, 0x0, 0x21, 0x99, 0x99, 0x8c, 0xc7,
    0xc6, 0x63,

    /* U+7248 "版" */
    0xc, 0x1, 0x36, 0x7f, 0xdb, 0x30, 0xd, 0x98,
    0x6, 0xcc, 0x3, 0xff, 0xfd, 0x83, 0xc4, 0xc1,
    0xe2, 0x60, 0xd3, 0x3f, 0x6d, 0x99, 0xb6, 0x8c,
    0xd9, 0xc6, 0x6c, 0xc6, 0x3c, 0xf3, 0x1e, 0xef,
    0xe, 0xc3,

    /* U+72EC "独" */
    0x44, 0x18, 0x1b, 0x6, 0x3, 0x81, 0x80, 0xe7,
    0xfe, 0x79, 0x99, 0x93, 0x66, 0x60, 0xd9, 0x98,
    0x76, 0x66, 0x1d, 0x99, 0x8f, 0x7f, 0xe6, 0xc1,
    0x81, 0x30, 0x6c, 0xc, 0x19, 0x83, 0x6, 0xe1,
    0xbf, 0xfd, 0xef, 0x3,

    /* U+7406 "理" */
    0xfd, 0xff, 0x18, 0x89, 0x8c, 0x44, 0xc6, 0x3f,
    0xe3, 0x11, 0x37, 0xe8, 0x9b, 0xf4, 0x4c, 0x63,
    0xfe, 0x30, 0x10, 0x18, 0x8, 0xd, 0x7f, 0xcf,
    0x82, 0xf, 0x81, 0x6, 0x0, 0x80, 0x1f, 0xfe,

    /* U+751F "生" */
    0x11, 0x80, 0x19, 0x80, 0x31, 0x80, 0x31, 0x80,
    0x7f, 0xfe, 0x61, 0x80, 0xc1, 0x80, 0x41, 0x80,
    0x1, 0x80, 0x3f, 0xfc, 0x1, 0x80, 0x1, 0x80,
    0x1, 0x80, 0x1, 0x80, 0x1, 0x80, 0xff, 0xff,

    /* U+7528 "用" */
    0x3f, 0xff, 0x30, 0xc3, 0x30, 0xc3, 0x30, 0xc3,
    0x30, 0xc3, 0x3f, 0xff, 0x30, 0xc3, 0x30, 0xc3,
    0x30, 0xc3, 0x3f, 0xff, 0x30, 0xc3, 0x60, 0xc3,
    0x60, 0xc3, 0x60, 0xc3, 0xc0, 0xdf,

    /* U+7531 "由" */
    0x3, 0x0, 0xc, 0x0, 0x30, 0x0, 0xc0, 0xff,
    0xff, 0xc, 0x3c, 0x30, 0xf0, 0xc3, 0xc3, 0xf,
    0xff, 0xfc, 0x30, 0xf0, 0xc3, 0xc3, 0xf, 0xc,
    0x3f, 0xff, 0xf0, 0x3,

    /* U+7535 "电" */
    0x3, 0x0, 0x3, 0x0, 0x3, 0x0, 0xff, 0xfc,
    0xc3, 0xc, 0xc3, 0xc, 0xc3, 0xc, 0xff, 0xfc,
    0xc3, 0xc, 0xc3, 0xc, 0xff, 0xfc, 0xc3, 0x2,
    0xc3, 0x3, 0x3, 0x3, 0x3, 0x2, 0x1, 0xfe,

    /* U+7684 "的" */
    0x18, 0x20, 0x10, 0x60, 0x10, 0x60, 0xfe, 0x7f,
    0xc6, 0xc3, 0xc7, 0x83, 0xc7, 0x83, 0xc6, 0x63,
    0xfe, 0x63, 0xc6, 0x33, 0xc6, 0x1b, 0xc6, 0x13,
    0xc6, 0x3, 0xfe, 0x3, 0xc0, 0x46, 0xc0, 0x3e,

    /* U+76F4 "直" */
    0x1, 0x80, 0xff, 0xff, 0x1, 0x0, 0x3f, 0xfc,
    0x30, 0xc, 0x30, 0xc, 0x3f, 0xfc, 0x30, 0xc,
    0x3f, 0xfc, 0x30, 0xc, 0x30, 0xc, 0x3f, 0xfc,
    0x30, 0xc, 0x30, 0xc, 0xff, 0xff,

    /* U+76F8 "相" */
    0x18, 0x0, 0x18, 0xff, 0x18, 0x83, 0xfe, 0x83,
    0xfe, 0x83, 0x38, 0xff, 0x38, 0x83, 0x3c, 0x83,
    0x7c, 0x83, 0x7e, 0x83, 0xda, 0xff, 0xd8, 0x83,
    0x98, 0x83, 0x18, 0x83, 0x18, 0xff, 0x18, 0x83,

    /* U+770B "看" */
    0x0, 0x2, 0x1f, 0xff, 0x0, 0x60, 0x7, 0xff,
    0xe0, 0x30, 0x0, 0x18, 0x1, 0xff, 0xfe, 0xc,
    0x0, 0xf, 0xfe, 0xe, 0x1, 0x1d, 0xff, 0x8c,
    0x80, 0x40, 0x7f, 0xe0, 0x20, 0x10, 0x10, 0x8,
    0xf, 0xfc,

    /* U+773C "眼" */
    0xfb, 0xfe, 0x8b, 0x6, 0x8b, 0x6, 0x8b, 0xfe,
    0xfb, 0x6, 0x8b, 0x6, 0x8b, 0xfe, 0x8b, 0xfe,
    0xfb, 0x20, 0x8b, 0x37, 0x8b, 0x1c, 0xfb, 0x18,
    0x83, 0x6c, 0x83, 0xe7, 0x3, 0x2,

    /* U+7761 "睡" */
    0x0, 0xc, 0xf3, 0xfc, 0x90, 0x20, 0x90, 0x20,
    0x97, 0xff, 0xf7, 0xff, 0x91, 0x24, 0x91, 0x24,
    0x97, 0xff, 0xf7, 0xff, 0x91, 0x24, 0x97, 0xff,
    0xf0, 0x20, 0x80, 0x20, 0x80, 0x20, 0x3, 0xfe,

    /* U+77E5 "知" */
    0x30, 0x0, 0x60, 0x7f, 0x7f, 0x7f, 0x4c, 0x63,
    0xcc, 0x63, 0xcc, 0x63, 0xc, 0x63, 0xff, 0xe3,
    0x8, 0x63, 0x1c, 0x63, 0x1e, 0x63, 0x1e, 0x63,
    0x33, 0x63, 0x71, 0xff, 0xe0, 0x63, 0xc0, 0x63,

    /* U+77ED "短" */
    0x60, 0x0, 0x30, 0xff, 0xdf, 0x80, 0xf, 0xc0,
    0xd, 0x8f, 0xf6, 0xc4, 0x18, 0x62, 0xd, 0xfd,
    0x6, 0x18, 0xff, 0x8, 0x0, 0x6, 0x31, 0x87,
    0x88, 0xc3, 0x66, 0x63, 0x33, 0x21, 0x81, 0x31,
    0x83, 0xff,

    /* U+7801 "码" */
    0xfd, 0xfc, 0x20, 0x4, 0x20, 0x4, 0x60, 0x84,
    0x61, 0x8c, 0x61, 0x8c, 0xfd, 0x8c, 0xcd, 0xff,
    0xcc, 0x3, 0xcc, 0x3, 0x4f, 0xfb, 0x4f, 0xfa,
    0x7c, 0x2, 0x40, 0x6, 0x0, 0x1c,

    /* U+786E "确" */
    0x0, 0xc0, 0xfc, 0xfc, 0x21, 0x8c, 0x21, 0x18,
    0x63, 0x18, 0x67, 0xff, 0x7d, 0x33, 0xfd, 0x33,
    0xed, 0xff, 0xed, 0x33, 0xed, 0x33, 0x6d, 0xff,
    0x6f, 0x33, 0x7f, 0x33, 0x62, 0x33, 0x66, 0x37,

    /* U+793A "示" */
    0x1f, 0xfe, 0x0, 0x0, 0x0, 0x0, 0x0, 0x0,
    0x0, 0x0, 0x3, 0xff, 0xfc, 0x3, 0x0, 0x1,
    0x80, 0x18, 0xc6, 0xc, 0x63, 0xc, 0x30, 0xce,
    0x18, 0x76, 0xc, 0x18, 0x3e, 0x0, 0x1e, 0x0,

    /* U+79CD "种" */
    0x4, 0x18, 0x3f, 0xc, 0x3e, 0x6, 0x3, 0x3,
    0x1, 0x9f, 0xff, 0xfc, 0xcc, 0xe6, 0x66, 0x7b,
    0x33, 0x3d, 0x99, 0xbf, 0xff, 0xd6, 0x66, 0x7b,
    0x33, 0x39, 0x81, 0x80, 0xc0, 0xc0, 0x60, 0x60,
    0x30, 0x30,

    /* U+79D2 "秒" */
    0x4, 0x30, 0x7e, 0x30, 0xf8, 0x30, 0x18, 0xb6,
    0x18, 0xb2, 0xff, 0xb3, 0x39, 0xb3, 0x39, 0x30,
    0x3c, 0x30, 0x7e, 0x32, 0x58, 0x36, 0xd8, 0xc,
    0x98, 0x1c, 0x18, 0x70, 0x1b, 0xe0, 0x1b, 0x0,

    /* U+79F0 "称" */
    0x1c, 0x80, 0xf8, 0x80, 0x31, 0xff, 0x31, 0x33,
    0x31, 0x36, 0xff, 0x32, 0x30, 0x34, 0x39, 0xb6,
    0x7d, 0xb6, 0x75, 0x32, 0xf1, 0x33, 0xb3, 0x33,
    0xb2, 0x33, 0x30, 0x30, 0x30, 0x30, 0x30, 0xf0,

    /* U+7A0D "稍" */
    0x8, 0x30, 0x7f, 0x99, 0x94, 0x6c, 0xc2, 0x16,
    0xc1, 0x3, 0x7, 0xef, 0xf8, 0xc4, 0xc, 0x72,
    0x6, 0x7d, 0xff, 0x2a, 0x81, 0x94, 0x40, 0xda,
    0x20, 0x69, 0x1f, 0xf0, 0x88, 0x18, 0x44, 0xc,
    0x22, 0x1e,

    /* U+7A7A "空" */
    0x1, 0x80, 0x1, 0x80, 0xff, 0xff, 0xc0, 0x3,
    0xc4, 0x23, 0xce, 0x78, 0x38, 0x1e, 0xf0, 0xf,
    0x40, 0x2, 0x3f, 0xfc, 0x1, 0x80, 0x1, 0x80,
    0x1, 0x80, 0x1, 0x80, 0x1, 0x80, 0xff, 0xff,

    /* U+7ACB "立" */
    0x1, 0x80, 0x1, 0x80, 0x1, 0x80, 0x7f, 0xfe,
    0x0, 0x0, 0x18, 0x18, 0x18, 0x18, 0x8, 0x18,
    0xc, 0x30, 0xc, 0x30, 0xc, 0x30, 0xc, 0x20,
    0x4, 0x60, 0x0, 0x60, 0xff, 0xff,

    /* U+7B14 "笔" */
    0x10, 0x20, 0x18, 0x18, 0xf, 0xdf, 0xed, 0x99,
    0x8c, 0x4c, 0xc0, 0x1, 0xf0, 0xff, 0xe0, 0x3,
    0x0, 0x1f, 0xfe, 0x3f, 0xc0, 0x0, 0x60, 0x0,
    0xff, 0xf7, 0xff, 0x0, 0xc, 0x8, 0x6, 0x4,
    0x1, 0xfe,

    /* U+7B2C "第" */
    0x0, 0x0, 0x18, 0x30, 0xf, 0xdf, 0xed, 0x99,
    0x8c, 0xcc, 0xc2, 0x0, 0x1, 0xff, 0xf8, 0x3,
    0xc, 0x1, 0x86, 0x1f, 0xff, 0x8, 0x60, 0x4,
    0x30, 0x7, 0xff, 0xf0, 0x3c, 0x18, 0x36, 0x18,
    0x73, 0xc, 0xe1, 0x9e, 0x0,

    /* U+7B49 "等" */
    0x20, 0x40, 0x30, 0x60, 0x7f, 0xff, 0x59, 0xd8,
    0xc9, 0x98, 0x1, 0x80, 0x3f, 0xfc, 0x1, 0x80,
    0x1, 0x80, 0xff, 0xff, 0x0, 0x10, 0x0, 0x10,
    0x7f, 0xff, 0x18, 0x10, 0xc, 0x10, 0x6, 0x10,
    0x0, 0xf0,

    /* U+7BA1 "管" */
    0x30, 0x20, 0x1f, 0xbf, 0xd9, 0x13, 0x18, 0xf8,
    0xc0, 0x8, 0x3, 0xff, 0xf9, 0x80, 0xc, 0xff,
    0xfe, 0x18, 0xc, 0xc, 0x6, 0x7, 0xff, 0x3,
    0x0, 0x1, 0xff, 0xe0, 0xc0, 0x30, 0x60, 0x18,
    0x3f, 0xfc,

    /* U+7C4D "籍" */
    0x0, 0x0, 0x30, 0x60, 0x7f, 0x7f, 0xec, 0xd8,
    0xd0, 0xec, 0xff, 0xff, 0xff, 0xff, 0x10, 0x6c,
    0x7c, 0x6c, 0x11, 0xff, 0xfe, 0x0, 0xfe, 0xfe,
    0x3c, 0xc6, 0x7c, 0xc6, 0x76, 0xfe, 0xd2, 0xc6,
    0x90, 0xfe,

    /* U+7D20 "素" */
    0x1, 0x80, 0x7f, 0xfe, 0x1, 0x80, 0x3f, 0xfc,
    0x1, 0x80, 0x1, 0x80, 0xff, 0xff, 0x6, 0x10,
    0x3f, 0xf0, 0x3, 0xd8, 0x1e, 0xc, 0x7f, 0xfe,
    0x7d, 0x82, 0x19, 0xb8, 0x71, 0x8e, 0xc7, 0x82,

    /* U+7D27 "紧" */
    0x4, 0x0, 0x32, 0xff, 0x99, 0x19, 0x8c, 0x8f,
    0xc6, 0x43, 0x83, 0x2f, 0xf8, 0x1f, 0x1c, 0xe,
    0x2, 0xc, 0x30, 0xf, 0xf0, 0x3, 0xc3, 0x8f,
    0xff, 0xe3, 0xcc, 0x10, 0xe6, 0xe0, 0xe3, 0x1c,
    0xc7, 0x82,

    /* U+7EA2 "红" */
    0x0, 0x0, 0xc, 0x0, 0x6, 0x7f, 0xe6, 0x3,
    0x2, 0x61, 0x83, 0xf0, 0xc3, 0xf0, 0x60, 0x30,
    0x30, 0x30, 0x18, 0x3b, 0xc, 0x3f, 0x86, 0xc,
    0x3, 0x0, 0x1, 0x80, 0xf0, 0xc3, 0xf7, 0xfe,

    /* U+7EA7 "级" */
    0xc, 0x0, 0x6, 0x7f, 0x81, 0x86, 0x60, 0xc1,
    0x98, 0x36, 0x66, 0x19, 0x19, 0x7, 0xc6, 0xf8,
    0x61, 0x86, 0x32, 0x71, 0xf, 0xbc, 0xc7, 0x8d,
    0xb1, 0x3, 0x38, 0xf, 0x8c, 0x1f, 0x67, 0xc6,
    0x33, 0xb8, 0xd, 0x86,

    /* U+7EAF "纯" */
    0x18, 0x18, 0xc, 0xc, 0xc, 0x7f, 0xe6, 0x83,
    0x6, 0x61, 0x87, 0xec, 0xcb, 0xe6, 0x64, 0x33,
    0x32, 0x31, 0x99, 0x3f, 0xcc, 0x9c, 0x7f, 0xc0,
    0x3, 0x20, 0x61, 0x93, 0xf0, 0xcf, 0xc0, 0x66,
    0x0, 0x3e,

    /* U+7EBF "线" */
    0x8, 0x34, 0xc, 0x1b, 0x86, 0xc, 0x6, 0x6,
    0xe2, 0x7f, 0xf3, 0x27, 0x83, 0xf0, 0xc2, 0xb0,
    0x7f, 0x11, 0xfc, 0x1b, 0x8c, 0xff, 0x6, 0xcc,
    0x3, 0xe0, 0x20, 0xe1, 0xf1, 0xe5, 0xc3, 0xd2,
    0x3, 0x7,

    /* U+7ECF "经" */
    0x10, 0x0, 0xc, 0xff, 0x8c, 0x1, 0x84, 0x81,
    0x86, 0x61, 0x87, 0xe3, 0xe3, 0xe7, 0xbc, 0x37,
    0x7, 0x30, 0x0, 0x7e, 0xff, 0xbf, 0x4, 0x10,
    0x2, 0x0, 0x1, 0x1, 0xe0, 0x83, 0xe0, 0x41,
    0x7, 0xff,

    /* U+7ED3 "结" */
    0x18, 0x18, 0xc, 0xc, 0xc, 0x7f, 0xe6, 0x83,
    0x6, 0x61, 0x83, 0x20, 0xc3, 0xf0, 0x60, 0xf3,
    0xff, 0x30, 0x0, 0x19, 0x0, 0x3f, 0xbf, 0xc8,
    0x18, 0x60, 0xc, 0x33, 0xf6, 0x1b, 0xc3, 0xfc,
    0x1, 0x86,

    /* U+7EDC "络" */
    0x0, 0x30, 0xc, 0x30, 0x6, 0x1f, 0xe6, 0x18,
    0x62, 0x7e, 0x63, 0x29, 0xe3, 0xf0, 0x60, 0x30,
    0xf8, 0x31, 0xe7, 0x9a, 0xc0, 0xff, 0x3f, 0xc8,
    0x18, 0x60, 0x6c, 0x33, 0xf6, 0x19, 0xc3, 0xfc,
    0x1, 0x86,

    /* U+7EDD "绝" */
    0x10, 0x60, 0x8, 0x30, 0xc, 0x3f, 0x84, 0x31,
    0x86, 0xf8, 0x87, 0xff, 0xfb, 0xe6, 0x4c, 0x63,
    0x26, 0x31, 0x93, 0x30, 0xc9, 0xbf, 0x7f, 0xd8,
    0x30, 0x0, 0x18, 0x1, 0xec, 0xf, 0xe6, 0x6,
    0x1, 0xfe,

    /* U+7EE7 "继" */
    0x10, 0x4, 0xc, 0xc2, 0xc, 0x69, 0x66, 0x36,
    0xa6, 0x59, 0x53, 0x2c, 0x23, 0xf7, 0xfe, 0x33,
    0x1c, 0x31, 0x9f, 0x3e, 0xca, 0xbe, 0x6d, 0x20,
    0x34, 0x80, 0xd8, 0x47, 0xec, 0x1, 0x7, 0xfe,

    /* U+7EED "续" */
    0x10, 0x30, 0x10, 0x30, 0x31, 0xfe, 0x20, 0x30,
    0x4f, 0xff, 0x78, 0x3, 0xf8, 0x3, 0xf0, 0xd2,
    0x30, 0x52, 0x61, 0x90, 0x7c, 0x90, 0xc3, 0xff,
    0xc, 0x28, 0x7c, 0x6c, 0xe1, 0xc6, 0x3, 0x83,
    0x2, 0x1,

    /* U+7F13 "缓" */
    0x18, 0x3, 0xc, 0xff, 0x8c, 0x24, 0xc6, 0x12,
    0x66, 0x68, 0x66, 0xef, 0xff, 0xf1, 0x0, 0x37,
    0xff, 0x30, 0xc0, 0x36, 0x60, 0x3f, 0x3f, 0xc8,
    0x18, 0x60, 0x5e, 0x61, 0xed, 0xe3, 0xcc, 0xf8,
    0xd, 0xef, 0x0, 0x80, 0x80,

    /* U+7F29 "缩" */
    0x10, 0x10, 0x8, 0xc, 0xc, 0xff, 0xe4, 0x60,
    0x16, 0xfc, 0x2, 0x47, 0xff, 0xe6, 0x31, 0x23,
    0x18, 0x33, 0xbf, 0xbf, 0xd8, 0xfe, 0x6c, 0x60,
    0x37, 0xf0, 0xdb, 0x1b, 0xed, 0x8f, 0xc6, 0xc7,
    0x3, 0x7f,

    /* U+7F51 "网" */
    0xff, 0xff, 0x80, 0xf, 0x8, 0xde, 0x31, 0xbf,
    0x7a, 0x7b, 0xdc, 0xf3, 0x19, 0xe6, 0x33, 0xce,
    0x77, 0x94, 0xef, 0x6b, 0x7e, 0x84, 0xbf, 0x18,
    0x78, 0x0, 0xf0, 0xf, 0x0,

    /* U+7F6E "置" */
    0x7f, 0xfe, 0x66, 0x66, 0x7f, 0xfe, 0x1, 0x80,
    0xff, 0xff, 0x1, 0x0, 0x3f, 0xfc, 0x30, 0xc,
    0x3f, 0xfc, 0x30, 0xc, 0x3f, 0xfc, 0x30, 0xc,
    0x3f, 0xfc, 0x30, 0xc, 0xff, 0xff,

    /* U+7FFB "翻" */
    0x2, 0x0, 0xfe, 0x77, 0x5a, 0x11, 0x7a, 0x11,
    0xff, 0x55, 0x3c, 0x55, 0x7f, 0x73, 0xdb, 0x11,
    0xd8, 0x11, 0x7f, 0x33, 0x5b, 0x75, 0x5b, 0x55,
    0x7f, 0x11, 0x5b, 0x11, 0x7f, 0x11, 0x43, 0x77,

    /* U+8005 "者" */
    0x3, 0x0, 0x3, 0x6, 0x3f, 0xfc, 0x3, 0x1c,
    0x3, 0x38, 0x3, 0x70, 0xff, 0xff, 0x3, 0x80,
    0xf, 0x0, 0x3f, 0xfc, 0xf8, 0xc, 0xc8, 0xc,
    0xf, 0xfc, 0x8, 0xc, 0x8, 0xc, 0xf, 0xfc,

    /* U+800C "而" */
    0xff, 0xff, 0x1, 0x80, 0x3, 0x0, 0x3, 0x0,
    0x7f, 0xfe, 0x66, 0x66, 0x66, 0x66, 0x66, 0x66,
    0x66, 0x66, 0x66, 0x66, 0x66, 0x66, 0x66, 0x66,
    0x66, 0x66, 0x66, 0x66, 0x66, 0x7e,

    /* U+80CC "背" */
    0x4, 0xc2, 0xfc, 0xfe, 0x4, 0xe0, 0x4, 0xc0,
    0x7c, 0xc1, 0xf4, 0xff, 0x4, 0x7e, 0x3f, 0xfc,
    0x30, 0xc, 0x30, 0xc, 0x3f, 0xfc, 0x30, 0xc,
    0x3f, 0xfc, 0x30, 0xc, 0x30, 0xc, 0x30, 0x7c,

    /* U+80FD "能" */
    0x18, 0x20, 0x1b, 0x11, 0x98, 0xcf, 0x9f, 0xe7,
    0x7, 0x1a, 0x10, 0x1, 0xd, 0xfc, 0xfc, 0xc6,
    0x0, 0x63, 0x20, 0x3f, 0x91, 0x98, 0xcb, 0xcc,
    0x67, 0x87, 0xf2, 0x3, 0x19, 0xd, 0x8c, 0x86,
    0xde, 0x7e,

    /* U+811A "脚" */
    0x0, 0x80, 0x78, 0x8f, 0x4b, 0xe9, 0x4b, 0xe9,
    0x48, 0x89, 0x78, 0x89, 0x48, 0x89, 0x4f, 0xe9,
    0x49, 0x89, 0x79, 0x89, 0x49, 0x69, 0x4b, 0x29,
    0x4a, 0xeb, 0x4b, 0xe8, 0xc8, 0x28, 0x98, 0x8,

    /* U+8138 "脸" */
    0x0, 0x30, 0x3e, 0x18, 0x13, 0x1e, 0x9, 0x89,
    0x84, 0xcc, 0x63, 0xec, 0x19, 0xff, 0xf4, 0x98,
    0x0, 0x4c, 0x33, 0x3e, 0xc9, 0x13, 0x24, 0x89,
    0x92, 0xc4, 0xc8, 0x46, 0x60, 0x63, 0x3f, 0xfd,
    0x38, 0x0,

    /* U+81EA "自" */
    0x6, 0x0, 0x30, 0x3f, 0xff, 0x80, 0x3c, 0x1,
    0xff, 0xff, 0x0, 0x78, 0x3, 0xc0, 0x1f, 0xff,
    0xf0, 0x7, 0x80, 0x3c, 0x1, 0xff, 0xff, 0x0,
    0x60,

    /* U+8272 "色" */
    0x0, 0x0, 0xc, 0x0, 0x1f, 0xe0, 0x38, 0x60,
    0x70, 0xc0, 0xff, 0xfc, 0xb1, 0x8c, 0x31, 0x8c,
    0x31, 0x8c, 0x3f, 0xfc, 0x30, 0xc, 0x30, 0x0,
    0x30, 0x3, 0x30, 0x3, 0x30, 0x2, 0x1f, 0xfe,

    /* U+8282 "节" */
    0xc, 0x30, 0xc, 0x30, 0xff, 0xff, 0xc, 0x30,
    0xc, 0x30, 0x0, 0x0, 0x0, 0x0, 0x7f, 0xfc,
    0x6, 0x4, 0x6, 0x4, 0x6, 0x4, 0x6, 0x4,
    0x6, 0x3c, 0x6, 0x3c, 0x6, 0x0, 0x6, 0x0,

    /* U+8350 "荐" */
    0x6, 0x8, 0x3f, 0xff, 0xdf, 0xff, 0xe0, 0xe1,
    0x0, 0x30, 0x3, 0xff, 0xfc, 0x18, 0x0, 0x18,
    0x0, 0x1c, 0xff, 0x1c, 0x7, 0x1e, 0x6, 0x9,
    0x7f, 0xf0, 0x81, 0x80, 0x40, 0xc0, 0x20, 0x60,
    0x10, 0xe0,

    /* U+83DC "菜" */
    0x6, 0x18, 0x3f, 0xff, 0xdf, 0xff, 0xe0, 0xc3,
    0xc3, 0xff, 0xc0, 0x4, 0x18, 0xc2, 0xc, 0x31,
    0x8c, 0x18, 0xc4, 0x0, 0x60, 0x1f, 0xff, 0xe0,
    0x7e, 0x0, 0xed, 0x81, 0xe6, 0x79, 0xc3, 0xe,
    0x1, 0x80,

    /* U+8584 "薄" */
    0xc, 0x30, 0xff, 0xff, 0xc, 0x34, 0x40, 0x66,
    0x77, 0xff, 0x10, 0x60, 0x7, 0xfe, 0xc6, 0x62,
    0x77, 0xfe, 0x7, 0xfe, 0x6, 0x62, 0x30, 0x8,
    0x37, 0xff, 0x63, 0x8, 0xc1, 0x88, 0x40, 0x38,

    /* U+85CF "藏" */
    0xc, 0x30, 0xff, 0xff, 0xc, 0x34, 0x0, 0x12,
    0xdf, 0xff, 0xd0, 0x10, 0xd0, 0x10, 0xd7, 0xf2,
    0xf4, 0x96, 0x17, 0xf6, 0xf4, 0x7c, 0xd7, 0xfc,
    0xd4, 0x98, 0x97, 0xf9, 0xb4, 0x3d, 0xa4, 0x67,

    /* U+884C "行" */
    0xc, 0x0, 0xc, 0x7f, 0xcc, 0x0, 0x1c, 0x0,
    0x4, 0x60, 0x0, 0x60, 0x0, 0x67, 0xfe, 0x70,
    0x8, 0xf8, 0x4, 0x2c, 0x2, 0x6, 0x1, 0x3,
    0x0, 0x81, 0x80, 0x40, 0xc0, 0x20, 0x60, 0x10,
    0x30, 0x78,

    /* U+8861 "衡" */
    0x19, 0x0, 0x19, 0xfb, 0xd8, 0xc8, 0x18, 0xcc,
    0x1, 0xff, 0x81, 0xb6, 0xfc, 0xcb, 0x7e, 0xe7,
    0xf6, 0xf2, 0xdb, 0x19, 0xfd, 0x8c, 0x30, 0xc6,
    0xff, 0x63, 0xe, 0x31, 0x8f, 0x98, 0xcc, 0xcc,
    0x6c, 0x2e,

    /* U+8868 "表" */
    0x0, 0xc0, 0xf, 0xff, 0xc0, 0xc, 0x0, 0x3,
    0x0, 0x1f, 0xff, 0x0, 0x30, 0x0, 0xc, 0x1,
    0xff, 0xfe, 0x3, 0x60, 0x3, 0x98, 0xe1, 0xc3,
    0x61, 0xf0, 0x70, 0x4c, 0x1c, 0x3, 0x7b, 0xc0,
    0xfc, 0x38, 0x38, 0x2,

    /* U+8981 "要" */
    0xff, 0xff, 0x6, 0x60, 0x7f, 0xfe, 0x66, 0x66,
    0x66, 0x66, 0x66, 0x66, 0x7f, 0xfe, 0x3, 0x0,
    0x6, 0x0, 0xff, 0xff, 0xc, 0x30, 0x1c, 0x70,
    0xf, 0xe0, 0x7, 0xfc, 0xfe, 0x1e, 0x0, 0x0,

    /* U+89C1 "见" */
    0x3f, 0xfc, 0x30, 0xc, 0x30, 0xc, 0x31, 0x8c,
    0x31, 0x8c, 0x31, 0x8c, 0x31, 0x8c, 0x31, 0x8c,
    0x31, 0x8c, 0x33, 0xcc, 0x3, 0xc0, 0x7, 0xc1,
    0xe, 0xc1, 0x3c, 0xc3, 0xf0, 0x7e,

    /* U+89C6 "视" */
    0x20, 0x0, 0x18, 0xff, 0x84, 0x60, 0xdf, 0xb6,
    0x60, 0xdb, 0x30, 0x4d, 0x98, 0x66, 0xcc, 0x73,
    0x66, 0x79, 0xb3, 0x7e, 0xd9, 0xad, 0x1e, 0x6,
    0xf, 0x3, 0xd, 0x99, 0x86, 0xcc, 0xce, 0x66,
    0x66, 0x3e,

    /* U+89E3 "解" */
    0x30, 0x0, 0x30, 0xff, 0x3c, 0x33, 0x64, 0x23,
    0xfe, 0x62, 0xcb, 0xce, 0x4a, 0x68, 0x4a, 0x48,
    0x7e, 0xc8, 0x4a, 0xff, 0x4a, 0x88, 0x7e, 0x8,
    0x4a, 0xff, 0x4a, 0x8, 0xca, 0x8, 0x86, 0x8,

    /* U+8BA1 "计" */
    0x0, 0x10, 0x18, 0x8, 0x6, 0x4, 0x1, 0x2,
    0x0, 0x1, 0x0, 0x0, 0x83, 0xef, 0xff, 0xf7,
    0xff, 0x18, 0x10, 0xc, 0x8, 0x6, 0x4, 0x3,
    0x2, 0x1, 0xe1, 0x0, 0xe0, 0x80, 0xe0, 0x40,
    0x0, 0x20,

    /* U+8BA4 "认" */
    0x0, 0x30, 0x18, 0x18, 0x6, 0xc, 0x1, 0x86,
    0x0, 0x3, 0x0, 0x1, 0x83, 0xe0, 0xc0, 0x30,
    0x60, 0x18, 0x30, 0xc, 0x3c, 0x6, 0x1e, 0x3,
    0x4d, 0x81, 0xec, 0xc0, 0xe6, 0x30, 0xe6, 0x1c,
    0x6, 0x6,

    /* U+8BB0 "记" */
    0x20, 0x0, 0x1c, 0xff, 0x87, 0x0, 0xc1, 0x0,
    0x60, 0x0, 0x37, 0xc0, 0x1b, 0xe0, 0xc, 0x33,
    0xfe, 0x19, 0x83, 0xc, 0xc0, 0x6, 0x60, 0x3,
    0x30, 0x21, 0xf8, 0x18, 0xfc, 0xc, 0x66, 0x6,
    0x61, 0xfe,

    /* U+8BBE "设" */
    0x60, 0xfc, 0x1c, 0x66, 0x0, 0x33, 0x0, 0x39,
    0x8f, 0x38, 0xf7, 0x98, 0x0, 0xc0, 0x0, 0x67,
    0xfc, 0x31, 0x86, 0x18, 0x46, 0xd, 0x33, 0x7,
    0x8f, 0x3, 0x87, 0x83, 0x9e, 0xf8, 0xc, 0x1c,

    /* U+8BC1 "证" */
    0x40, 0x0, 0x73, 0xff, 0x30, 0x30, 0x10, 0x30,
    0x0, 0x30, 0x0, 0x30, 0xf0, 0x30, 0x33, 0x3f,
    0x33, 0x30, 0x33, 0x30, 0x33, 0x30, 0x33, 0x30,
    0x3f, 0x30, 0x3b, 0x30, 0x33, 0x30, 0x67, 0xff,

    /* U+8BD5 "试" */
    0x0, 0x14, 0x60, 0x16, 0x30, 0x13, 0x10, 0x12,
    0x7, 0xff, 0xf0, 0x18, 0xf0, 0x18, 0xf0, 0x18,
    0x33, 0xd8, 0x31, 0x98, 0x31, 0x98, 0x31, 0x98,
    0x35, 0xe9, 0x3b, 0xed, 0x73, 0xf, 0x0, 0x6,

    /* U+8BE6 "详" */
    0x20, 0xc3, 0x1c, 0x31, 0x87, 0x19, 0x80, 0x3f,
    0xf0, 0x1, 0x87, 0xc0, 0xc3, 0xe0, 0x60, 0x31,
    0xfe, 0x18, 0x18, 0xc, 0xc, 0x6, 0x6, 0x3,
    0x3f, 0xf1, 0xe1, 0x80, 0xe0, 0xc0, 0xe0, 0x60,
    0x0, 0x30,

    /* U+8BEF "误" */
    0x63, 0xfe, 0x33, 0x6, 0x13, 0x6, 0x3, 0xfe,
    0xf0, 0x0, 0xf0, 0x0, 0x33, 0xfe, 0x30, 0x60,
    0x30, 0x60, 0x30, 0x60, 0x37, 0xff, 0x30, 0x70,
    0x38, 0xd8, 0x31, 0x9c, 0x27, 0xf, 0x4, 0x2,

    /* U+8BF7 "请" */
    0x40, 0x20, 0x63, 0xfe, 0x30, 0x20, 0x13, 0xfe,
    0x0, 0x20, 0x0, 0x20, 0xf7, 0xff, 0x30, 0x0,
    0x33, 0xfe, 0x33, 0x6, 0x33, 0xfe, 0x33, 0x6,
    0x3f, 0x6, 0x3f, 0xfe, 0x73, 0x6, 0x3, 0x1c,

    /* U+8BFB "读" */
    0x0, 0x20, 0x60, 0x20, 0x33, 0xfe, 0x10, 0x20,
    0x0, 0x20, 0x7, 0xff, 0xf0, 0x2, 0x31, 0xb6,
    0x32, 0xf0, 0x33, 0x30, 0x31, 0xb0, 0x37, 0xff,
    0x38, 0x60, 0x38, 0xdc, 0x31, 0xc6, 0x67, 0x3,
    0x2, 0x0,

    /* U+8C03 "调" */
    0x63, 0xff, 0x32, 0x3, 0x12, 0x23, 0x2, 0xfb,
    0xf2, 0x23, 0xf2, 0x23, 0x32, 0xfb, 0x32, 0x3,
    0x32, 0xfb, 0x32, 0x9b, 0x32, 0x9b, 0x3e, 0xfb,
    0x3e, 0x83, 0x64, 0x3, 0x4, 0xf,

    /* U+8C61 "象" */
    0x6, 0x0, 0x7, 0xf0, 0x6, 0x18, 0x7, 0x18,
    0xf, 0xff, 0xe3, 0x86, 0x30, 0xc6, 0x18, 0x7f,
    0xfc, 0xf, 0x4, 0x7c, 0xc7, 0x11, 0xfe, 0x7,
    0x9f, 0x6, 0x3e, 0xc0, 0x73, 0x31, 0xe1, 0x8e,
    0x7, 0x80,

    /* U+8D25 "败" */
    0x0, 0x20, 0x7f, 0x30, 0x43, 0x20, 0x4b, 0x7f,
    0x4b, 0x42, 0x4b, 0xc6, 0x4b, 0xc6, 0x4b, 0xe4,
    0x4b, 0x24, 0x4b, 0x2c, 0x4b, 0x3c, 0x18, 0x18,
    0x14, 0x18, 0x36, 0x3c, 0x63, 0x67, 0xc2, 0xc3,

    /* U+8D62 "赢" */
    0x0, 0xc0, 0x7f, 0xff, 0xcc, 0x0, 0x7, 0xff,
    0xe0, 0x0, 0x1, 0xff, 0xf0, 0xc0, 0x18, 0x7f,
    0xfc, 0x7b, 0xff, 0x35, 0x3d, 0x9e, 0xbe, 0xc9,
    0x5f, 0xe4, 0xaf, 0x73, 0xdf, 0xb9, 0x2f, 0xcf,
    0xbc, 0x47,

    /* U+8D85 "超" */
    0x18, 0x0, 0xc, 0x7f, 0xbf, 0xcc, 0xc3, 0x6,
    0x61, 0x82, 0x30, 0xc3, 0x1b, 0xff, 0x3c, 0x10,
    0x0, 0x48, 0xff, 0x27, 0xe1, 0x92, 0x30, 0xcd,
    0x18, 0x6e, 0x8f, 0xf7, 0xc0, 0x3, 0x70, 0x1,
    0xf, 0xff,

    /* U+8DB3 "足" */
    0x3f, 0xfe, 0x30, 0x6, 0x30, 0x6, 0x30, 0x6,
    0x30, 0x6, 0x3f, 0xfe, 0x1, 0x80, 0x1, 0x80,
    0x19, 0x80, 0x11, 0xfe, 0x39, 0x80, 0x39, 0x80,
    0x6d, 0x80, 0x63, 0x80, 0xc0, 0xff,

    /* U+8DD1 "跑" */
    0x0, 0x40, 0x3f, 0x30, 0x11, 0x9f, 0xc8, 0xd8,
    0x64, 0x78, 0x33, 0xf7, 0xd8, 0x63, 0x2c, 0x31,
    0x96, 0x58, 0xcb, 0x2f, 0x65, 0x96, 0x3e, 0xcb,
    0x19, 0xc5, 0xac, 0x2, 0xf6, 0x7, 0xe3, 0x7,
    0x0, 0xfe,

    /* U+8DEF "路" */
    0x0, 0x20, 0x3f, 0x10, 0x18, 0x9f, 0xcc, 0x48,
    0xc6, 0x2e, 0x63, 0xfd, 0xe0, 0x30, 0xe0, 0x18,
    0x78, 0x6c, 0x67, 0x37, 0xe1, 0xdb, 0x7f, 0xcd,
    0x98, 0x66, 0xcc, 0x33, 0x76, 0x1b, 0xfb, 0xd,
    0xc1, 0xfe,

    /* U+8F83 "较" */
    0x0, 0x10, 0x8, 0x18, 0xc, 0x6, 0x1f, 0xff,
    0xe2, 0x0, 0x3, 0x42, 0x31, 0xa3, 0x8, 0x93,
    0x6, 0xff, 0xc5, 0x4, 0x36, 0x2, 0x1b, 0x7,
    0xc7, 0xf, 0xc3, 0x80, 0x43, 0x60, 0x23, 0x1c,
    0x13, 0x6,

    /* U+8F93 "输" */
    0x30, 0x18, 0x10, 0x1c, 0x3f, 0x3b, 0x8c, 0x38,
    0xe6, 0x3f, 0xfa, 0xc0, 0x1, 0x60, 0x5, 0xfb,
    0xea, 0xfd, 0x35, 0xc, 0xfa, 0x87, 0x4d, 0x5f,
    0xbe, 0xad, 0x93, 0x50, 0xc9, 0x88, 0x64, 0xc4,
    0x32, 0xee,

    /* U+8FA8 "辨" */
    0x20, 0x4c, 0x30, 0x44, 0xfc, 0x7f, 0x4d, 0x49,
    0x49, 0x4b, 0x49, 0x4a, 0x69, 0x4a, 0xff, 0x7f,
    0x33, 0x44, 0x30, 0x44, 0xfc, 0x44, 0xfc, 0xbf,
    0x30, 0x84, 0x21, 0x84, 0x63, 0x4, 0xc2, 0x4,

    /* U+8FC7 "过" */
    0x0, 0x6, 0x38, 0x3, 0x6, 0x1, 0x81, 0x7f,
    0xf0, 0x0, 0x60, 0x0, 0x30, 0x6, 0x18, 0xf3,
    0xc, 0x18, 0xc6, 0xc, 0x23, 0x6, 0x1, 0x83,
    0x0, 0xc1, 0x83, 0xc1, 0xe0, 0x1, 0x98, 0x2,
    0x83, 0xff,

    /* U+8FD0 "运" */
    0xe3, 0xfe, 0x3c, 0x0, 0x4, 0x0, 0x0, 0x0,
    0x0, 0x7f, 0xf7, 0x86, 0x0, 0xc3, 0x20, 0x63,
    0x18, 0x33, 0x6, 0x19, 0xff, 0xc, 0xfc, 0xc6,
    0x0, 0x47, 0x80, 0x6, 0x60, 0xa, 0xf, 0xfc,

    /* U+8FD1 "近" */
    0x20, 0x7, 0x38, 0xff, 0xe, 0x60, 0x3, 0x30,
    0x0, 0x18, 0x0, 0xf, 0xfc, 0x7, 0xfe, 0xf3,
    0x18, 0x19, 0x8c, 0xc, 0xc6, 0x6, 0xe3, 0x3,
    0x61, 0x81, 0xb0, 0xc1, 0xe0, 0x61, 0x98, 0x2,
    0x83, 0xff,

    /* U+8FD4 "返" */
    0x20, 0x3, 0x9c, 0x7f, 0xc3, 0x98, 0x0, 0x66,
    0x0, 0x1, 0x80, 0x0, 0x7f, 0xe0, 0x18, 0x31,
    0xe6, 0x8c, 0x19, 0xb6, 0x6, 0x67, 0x81, 0xb1,
    0xe0, 0x6c, 0xec, 0x1a, 0xe1, 0x8e, 0x0, 0x6,
    0xe0, 0x5, 0xf, 0xfe,

    /* U+8FD8 "还" */
    0x20, 0x0, 0xe, 0xff, 0xe1, 0xc1, 0x80, 0x20,
    0xc0, 0x0, 0x70, 0x0, 0x1c, 0x7, 0x8f, 0xe0,
    0x66, 0xdc, 0x1b, 0x33, 0x86, 0x8c, 0x41, 0x83,
    0x0, 0x60, 0xc0, 0x18, 0x30, 0xf, 0x0, 0x6,
    0x70, 0x9, 0x7, 0xfe,

    /* U+8FD9 "这" */
    0x0, 0x20, 0x18, 0xc, 0x3, 0x3, 0x0, 0x6f,
    0xfe, 0x0, 0x6, 0x0, 0x41, 0x80, 0x1c, 0xc1,
    0xe3, 0xb0, 0x18, 0x38, 0x6, 0xf, 0x1, 0x8e,
    0xe0, 0x6f, 0xc, 0x1b, 0x1, 0xf, 0x0, 0x6,
    0x60, 0xd, 0x7, 0xfe,

    /* U+8FDB "进" */
    0x60, 0xc6, 0xe, 0x31, 0x80, 0x3f, 0xf8, 0x3,
    0x18, 0x0, 0xc6, 0x1e, 0x31, 0x87, 0x8c, 0x60,
    0x6f, 0xfe, 0x18, 0xc6, 0x6, 0x31, 0x81, 0x98,
    0x60, 0x6e, 0x18, 0x39, 0x6, 0x19, 0x80, 0x14,
    0x1f, 0xf8,

    /* U+8FDE "连" */
    0x20, 0x60, 0xc, 0x18, 0x1, 0xbf, 0xf8, 0x23,
    0x0, 0x0, 0x98, 0x0, 0x66, 0x7, 0x9f, 0xf8,
    0x64, 0x60, 0x18, 0x18, 0x6, 0x6, 0x1, 0xbf,
    0xf8, 0x60, 0x60, 0x18, 0x18, 0xf, 0x6, 0x6,
    0x60, 0x5, 0x7, 0xff,

    /* U+9000 "退" */
    0x61, 0xff, 0xe, 0x60, 0xc0, 0x9f, 0xf0, 0x6,
    0xc, 0x1, 0x83, 0x0, 0x60, 0xc7, 0x9f, 0xf0,
    0x66, 0x46, 0x19, 0x9f, 0x6, 0x61, 0x81, 0x9f,
    0x30, 0x6f, 0x86, 0x1d, 0x0, 0x1f, 0x80, 0x4,
    0x1f, 0xfc,

    /* U+9009 "选" */
    0x1, 0x30, 0x70, 0x98, 0x1c, 0xff, 0xc4, 0x46,
    0x0, 0x63, 0x0, 0x1, 0x80, 0x1f, 0xff, 0xef,
    0xff, 0x30, 0xc8, 0x18, 0x44, 0xc, 0x62, 0x66,
    0x61, 0x33, 0x60, 0xf3, 0xc0, 0x3, 0xb0, 0x3,
    0x87, 0xff,

    /* U+90E8 "部" */
    0x18, 0x0, 0x8, 0x3f, 0xff, 0xb3, 0x63, 0x36,
    0x23, 0x36, 0x32, 0x36, 0x36, 0x34, 0xff, 0xb4,
    0x0, 0x36, 0x0, 0x33, 0x7f, 0x33, 0x41, 0x33,
    0x41, 0x3f, 0x41, 0x36, 0x7f, 0x30, 0x41, 0x30,

    /* U+90FD "都" */
    0x18, 0x0, 0x19, 0xbf, 0x7f, 0xa3, 0x1b, 0x26,
    0x1b, 0x26, 0xff, 0xac, 0x1c, 0x2c, 0x38, 0x26,
    0x7f, 0x26, 0xe1, 0x23, 0xa1, 0x23, 0x3f, 0x23,
    0x21, 0x2f, 0x21, 0x2e, 0x3f, 0x20, 0x21, 0x20,

    /* U+914D "配" */
    0xff, 0x7f, 0x1a, 0x1, 0x8d, 0x0, 0xdf, 0xe0,
    0x6d, 0xb0, 0x36, 0xd8, 0x1b, 0x6d, 0xfd, 0xd6,
    0x86, 0xef, 0x40, 0x61, 0xa0, 0x3f, 0xd0, 0x18,
    0x68, 0x3c, 0x34, 0x1f, 0xfb, 0xb, 0xd, 0xfc,

    /* U+9192 "醒" */
    0xff, 0x7f, 0x1e, 0x21, 0x8f, 0x1f, 0xdf, 0xe8,
    0x6f, 0xf4, 0x36, 0xdb, 0xfb, 0x6d, 0x1, 0xd6,
    0xb0, 0xe7, 0xff, 0x61, 0xcc, 0x3f, 0xe6, 0x1f,
    0xef, 0xec, 0x31, 0x87, 0xf8, 0xc3, 0xf, 0xfe,

    /* U+91C7 "采" */
    0x0, 0x1e, 0xf, 0xff, 0x40, 0x8, 0x30, 0x42,
    0x18, 0x18, 0xc6, 0x6, 0x33, 0x0, 0x8c, 0xc0,
    0x3, 0x0, 0x0, 0xc0, 0x1f, 0xff, 0xe0, 0x3f,
    0x0, 0x1f, 0xe0, 0xc, 0xcc, 0xe, 0x31, 0xc7,
    0xc, 0x38, 0x3, 0x0,

    /* U+91CA "释" */
    0x6, 0x0, 0x7f, 0x7f, 0xc6, 0x10, 0xdb, 0x4c,
    0xe5, 0xe3, 0xe3, 0xe0, 0xe0, 0x61, 0xf9, 0xff,
    0xff, 0x38, 0x18, 0x1f, 0x7f, 0x9f, 0x86, 0xb,
    0x43, 0xd, 0x81, 0x84, 0xcf, 0xfc, 0x60, 0x60,
    0x30, 0x30,

    /* U+91CC "里" */
    0x3f, 0xfc, 0x21, 0x84, 0x21, 0x84, 0x3f, 0xfc,
    0x21, 0x84, 0x21, 0x84, 0x21, 0x84, 0x3f, 0xfc,
    0x1, 0x80, 0x1, 0x80, 0x7f, 0xfe, 0x1, 0x80,
    0x1, 0x80, 0x1, 0x80, 0xff, 0xff,

    /* U+91CD "重" */
    0x0, 0xc, 0x3f, 0xfc, 0x1, 0x80, 0xff, 0xff,
    0x1, 0x80, 0x3f, 0xfc, 0x31, 0x8c, 0x31, 0x8c,
    0x3f, 0xfc, 0x31, 0x8c, 0x3f, 0xfc, 0x1, 0x80,
    0x7f, 0xfe, 0x1, 0x80, 0x1, 0x80, 0xff, 0xff,

    /* U+91CF "量" */
    0x3f, 0xfc, 0x30, 0xc, 0x3f, 0xfc, 0x3f, 0xfc,
    0x0, 0x0, 0xff, 0xff, 0x3f, 0xfc, 0x21, 0x84,
    0x3f, 0xfc, 0x21, 0x84, 0x3f, 0xfc, 0x1, 0x80,
    0x7f, 0xfe, 0x1, 0x80, 0xff, 0xff,

    /* U+949F "钟" */
    0x20, 0x30, 0x60, 0x30, 0x7c, 0x30, 0xc3, 0xff,
    0x83, 0xff, 0x7f, 0x33, 0x33, 0x33, 0x33, 0x33,
    0x33, 0x33, 0xff, 0xff, 0x33, 0x33, 0x33, 0x33,
    0x30, 0x30, 0x3c, 0x30, 0x38, 0x30, 0x20, 0x30,

    /* U+94FA "铺" */
    0x10, 0x1a, 0x18, 0xc, 0xcf, 0xbf, 0xec, 0x3,
    0x4, 0x1, 0x81, 0xf7, 0xfc, 0x62, 0x66, 0x31,
    0x33, 0x7e, 0xff, 0xbf, 0x4c, 0xc6, 0x26, 0x63,
    0x1f, 0xf1, 0xa9, 0x98, 0xf4, 0xcc, 0x72, 0x66,
    0x21, 0x37,

    /* U+9501 "锁" */
    0x10, 0x18, 0x18, 0x6c, 0x8f, 0x96, 0xcc, 0xb,
    0x44, 0xf, 0xf1, 0xf7, 0xf8, 0x63, 0xc, 0x31,
    0xb6, 0x18, 0xdb, 0x3f, 0x6d, 0x86, 0x36, 0xc3,
    0x1b, 0x61, 0x8f, 0x30, 0xf3, 0xa0, 0x73, 0x9c,
    0x67, 0x83, 0x0, 0x0, 0x0,

    /* U+9510 "锐" */
    0x10, 0x42, 0x18, 0x33, 0x8f, 0x99, 0x8c, 0x1f,
    0xe4, 0xf, 0xf1, 0xf4, 0x8, 0x62, 0x4, 0x31,
    0x2, 0x18, 0xff, 0x3f, 0x36, 0x6, 0x1b, 0x3,
    0xd, 0x81, 0x84, 0xc0, 0xf6, 0x64, 0x7a, 0x32,
    0x33, 0x1f, 0x0, 0x0, 0x0,

    /* U+9519 "错" */
    0x10, 0x66, 0x18, 0x33, 0xf, 0xff, 0xec, 0xc,
    0xc4, 0x6, 0x63, 0xf3, 0x30, 0xff, 0xfe, 0x30,
    0x0, 0x18, 0x0, 0x3f, 0x7f, 0x86, 0x30, 0x43,
    0x18, 0x21, 0x8f, 0xf0, 0xd6, 0x8, 0x7b, 0x4,
    0x21, 0xfe,

    /* U+952E "键" */
    0x10, 0xc, 0x1f, 0xff, 0x8f, 0x33, 0x4c, 0x11,
    0xa4, 0x1b, 0xfb, 0xe8, 0x68, 0x4f, 0xfc, 0x20,
    0x98, 0x10, 0xcc, 0x3e, 0xff, 0x84, 0x73, 0x2,
    0x37, 0xf1, 0x58, 0xc0, 0xee, 0x60, 0x6d, 0x80,
    0x4c, 0x3f,

    /* U+957F "长" */
    0x18, 0x0, 0x18, 0x1c, 0x18, 0x38, 0x18, 0x70,
    0x19, 0xc0, 0x19, 0x80, 0x18, 0x0, 0xff, 0xff,
    0x18, 0xc0, 0x18, 0xc0, 0x18, 0x60, 0x18, 0x30,
    0x18, 0x38, 0x1f, 0x9e, 0x1f, 0x7, 0x10, 0x0,

    /* U+95ED "闭" */
    0x40, 0x0, 0x67, 0xff, 0x30, 0x3, 0x20, 0x3,
    0xc0, 0x63, 0xc0, 0x63, 0xdf, 0xfb, 0xc0, 0xe3,
    0xc1, 0xe3, 0xc3, 0x63, 0xc6, 0x63, 0xcc, 0x63,
    0xf8, 0x63, 0xd0, 0x63, 0xc1, 0xc3, 0xc0, 0xe,

    /* U+95EE "问" */
    0x40, 0x0, 0xcf, 0xfc, 0xc0, 0x18, 0x0, 0x3c,
    0x0, 0x78, 0x0, 0xf3, 0xf9, 0xe6, 0x33, 0xcc,
    0x67, 0x98, 0xcf, 0x31, 0x9e, 0x7f, 0x3c, 0xc0,
    0x78, 0x0, 0xf0, 0x1, 0xe0, 0xf,

    /* U+95F4 "间" */
    0x40, 0x0, 0xdf, 0xfc, 0xc0, 0x18, 0x0, 0x3c,
    0x0, 0x79, 0xfc, 0xf3, 0x19, 0xe6, 0x33, 0xcc,
    0x67, 0x9f, 0xcf, 0x31, 0x9e, 0x63, 0x3c, 0xfe,
    0x78, 0x0, 0xf0, 0x1, 0xe0, 0x7,

    /* U+9605 "阅" */
    0x40, 0x0, 0xdf, 0xfc, 0xc0, 0x18, 0x63, 0x3c,
    0x44, 0x78, 0xd8, 0xf3, 0xfd, 0xe4, 0x1b, 0xc8,
    0x37, 0x9f, 0xef, 0x1a, 0x1e, 0x34, 0x3c, 0xc9,
    0xfb, 0x1e, 0xf0, 0x3f, 0xe0, 0x7,

    /* U+961F "队" */
    0x0, 0x60, 0xfc, 0x60, 0xcc, 0x60, 0xd8, 0x60,
    0xd8, 0x60, 0xd0, 0x60, 0xd8, 0x60, 0xc8, 0x60,
    0xcc, 0xf0, 0xcc, 0xf0, 0xcc, 0xf0, 0xd9, 0x98,
    0xc1, 0x98, 0xc3, 0xc, 0xcf, 0x6, 0xc4, 0x2,

    /* U+963B "阻" */
    0xfd, 0xfe, 0xcd, 0x86, 0xd9, 0x86, 0xd1, 0x86,
    0xd1, 0xfe, 0xd9, 0x86, 0xcd, 0x86, 0xcd, 0x86,
    0xcd, 0x86, 0xcd, 0xfe, 0xd9, 0x86, 0xc1, 0x86,
    0xc1, 0x86, 0xc1, 0x86, 0xc7, 0xff,

    /* U+9644 "附" */
    0x0, 0xc6, 0xf9, 0x86, 0xd9, 0x86, 0xf3, 0x6,
    0xf3, 0x7f, 0xe7, 0x6, 0xff, 0x6, 0xdb, 0x66,
    0xdb, 0x26, 0xdb, 0x36, 0xdb, 0x16, 0xf3, 0x6,
    0xc3, 0x6, 0xc3, 0x6, 0xc3, 0x6, 0xc3, 0x1c,

    /* U+9664 "除" */
    0x0, 0x20, 0xf8, 0x70, 0xc8, 0x58, 0xd8, 0xcc,
    0xd3, 0x8e, 0xd7, 0x7, 0xf1, 0xfc, 0xd8, 0x30,
    0xc8, 0x30, 0xcf, 0xff, 0xc8, 0x30, 0xf9, 0x34,
    0xc3, 0x36, 0xc2, 0x32, 0xc6, 0x33, 0xc0, 0xe0,

    /* U+968F "随" */
    0x0, 0x10, 0x7c, 0x8, 0x33, 0xbf, 0xf9, 0x64,
    0xd, 0x96, 0x6, 0x83, 0xfb, 0x43, 0x8d, 0xb6,
    0x7e, 0xc9, 0x23, 0x64, 0x91, 0xb2, 0x4f, 0xdb,
    0x24, 0x6d, 0x92, 0x36, 0x9, 0x3b, 0x1b, 0x1,
    0x88, 0x7f,

    /* U+9700 "需" */
    0x7f, 0xfe, 0x1, 0x80, 0xff, 0xff, 0xc1, 0x83,
    0xfd, 0xbb, 0x1, 0x80, 0x3d, 0xbc, 0x0, 0x0,
    0xff, 0xff, 0x1, 0x80, 0x7f, 0xfe, 0x66, 0x66,
    0x66, 0x66, 0x66, 0x66, 0x66, 0x6e,

    /* U+9759 "静" */
    0x18, 0x30, 0x7f, 0x9f, 0x6, 0x11, 0x83, 0x18,
    0xc7, 0xe8, 0xc0, 0xcf, 0xfb, 0xfc, 0x64, 0x0,
    0x32, 0x7e, 0xff, 0xb1, 0xc, 0x9f, 0x86, 0x4c,
    0x5f, 0xe7, 0xe1, 0x93, 0x10, 0xc1, 0x88, 0x60,
    0xdc, 0xf0,

    /* U+975E "非" */
    0x6, 0x60, 0x6, 0x60, 0x6, 0x60, 0xfe, 0x7f,
    0x6, 0x60, 0x6, 0x60, 0x6, 0x60, 0xfe, 0x7f,
    0x6, 0x60, 0x6, 0x60, 0x6, 0x60, 0xfe, 0x7f,
    0x6, 0x60, 0x6, 0x60, 0x6, 0x60, 0x6, 0x60,

    /* U+9760 "靠" */
    0x11, 0x80, 0x3f, 0xfc, 0x61, 0x80, 0xff, 0xff,
    0x0, 0x0, 0x3f, 0xfc, 0x30, 0x4, 0x3f, 0xfc,
    0x6, 0x60, 0x6, 0x60, 0xfe, 0x7f, 0x6, 0x60,
    0x7e, 0x7e, 0x6, 0x60, 0xfe, 0x7f, 0x6, 0x60,

    /* U+9762 "面" */
    0xff, 0xff, 0x1, 0x80, 0x1, 0x0, 0x3, 0x0,
    0x7f, 0xfe, 0x44, 0x26, 0x44, 0x26, 0x47, 0xe6,
    0x44, 0x26, 0x44, 0x26, 0x47, 0xe6, 0x44, 0x26,
    0x44, 0x26, 0x7f, 0xfe, 0x40, 0x6,

    /* U+97F3 "音" */
    0x1, 0x80, 0x1, 0x80, 0x7f, 0xfe, 0x18, 0x18,
    0xc, 0x10, 0xc, 0x30, 0xff, 0xff, 0x0, 0x0,
    0x0, 0x0, 0x3f, 0xfc, 0x30, 0xc, 0x30, 0xc,
    0x3f, 0xfc, 0x30, 0xc, 0x30, 0xc, 0x3f, 0xfc,

    /* U+9875 "页" */
    0xff, 0xff, 0x1, 0x80, 0x3, 0x0, 0x3, 0x0,
    0x3f, 0xfc, 0x20, 0x4, 0x21, 0x84, 0x21, 0x84,
    0x21, 0x84, 0x21, 0x84, 0x21, 0x84, 0x23, 0x44,
    0x7, 0x78, 0x1e, 0x1e, 0xf8, 0x7, 0xc0, 0x0,

    /* U+987A "顺" */
    0x42, 0xff, 0xa5, 0xc, 0x12, 0x86, 0x9, 0x5f,
    0xe4, 0xac, 0x12, 0x56, 0x49, 0x2b, 0x24, 0x95,
    0x92, 0x4a, 0xc9, 0x25, 0x64, 0x92, 0xb6, 0x49,
    0x43, 0x84, 0xa3, 0x66, 0x13, 0x9a, 0xf, 0x86,
    0x1, 0x0,

    /* U+987B "须" */
    0x0, 0x0, 0x1b, 0xff, 0x30, 0x30, 0x60, 0x20,
    0x41, 0xfe, 0xd, 0x86, 0x19, 0xb6, 0x71, 0xb6,
    0xe1, 0xb6, 0x1, 0xb6, 0xd, 0xb6, 0x1d, 0xb6,
    0x38, 0x68, 0x70, 0x6c, 0xe1, 0xc7, 0x3, 0x1,

    /* U+9891 "频" */
    0x8, 0x0, 0x4, 0x7f, 0x93, 0xc2, 0x9, 0x1,
    0x4, 0x87, 0xf2, 0x43, 0xfb, 0xfd, 0xc, 0x30,
    0x96, 0x7b, 0x4b, 0x2d, 0xa5, 0xb6, 0x92, 0xdb,
    0xc9, 0x60, 0x45, 0xb0, 0x60, 0xe0, 0xe0, 0xdd,
    0xc3, 0x83, 0x0, 0x0, 0x0,

    /* U+9898 "题" */
    0x7e, 0xff, 0x42, 0x8, 0x7e, 0x18, 0x42, 0x7e,
    0x7e, 0x42, 0x0, 0x4a, 0x0, 0x4a, 0xff, 0x4a,
    0x18, 0x4a, 0x58, 0x5a, 0x5f, 0x14, 0x78, 0x36,
    0x78, 0xe3, 0xd8, 0x80, 0x8f, 0xff,

    /* U+9A8C "验" */
    0x0, 0x8, 0x1f, 0x86, 0x0, 0x61, 0xc0, 0x98,
    0x98, 0x26, 0x63, 0x9, 0xb0, 0xe2, 0x7b, 0xe8,
    0x90, 0x0, 0x7f, 0x49, 0x80, 0xda, 0x60, 0x36,
    0xd0, 0xec, 0xbc, 0xf3, 0x2, 0x0, 0x80, 0x80,
    0x6f, 0xf8, 0x78, 0x0,

    /* U+9B13 "鬓" */
    0x7f, 0x1e, 0x3f, 0xb9, 0x1f, 0xcf, 0x1f, 0xf0,
    0x66, 0x23, 0xe3, 0xfb, 0x80, 0x2, 0x1, 0xff,
    0xfe, 0xc0, 0xb, 0xf, 0xf8, 0x6, 0x0, 0x3,
    0xff, 0x8f, 0xff, 0xf0, 0x71, 0xc3, 0xe0, 0x1e,

    /* U+9ED8 "默" */
    0x0, 0x8, 0x3f, 0x86, 0x12, 0x42, 0x8d, 0xa1,
    0x66, 0xd0, 0x82, 0x4b, 0xf9, 0xfc, 0x20, 0x10,
    0x10, 0x7f, 0x1c, 0x4, 0xe, 0x2, 0x5, 0xf,
    0xe6, 0xc0, 0x3, 0x62, 0xab, 0x19, 0x55, 0x8d,
    0x29, 0x83,

    /* U+FF01 "！" */
    0xff, 0xff, 0xc3, 0xc0,

    /* U+FF02 "＂" */
    0xcf, 0x3c, 0xf3, 0xcf, 0x30,

    /* U+FF03 "＃" */
    0x8, 0x40, 0x8c, 0x8, 0xcf, 0xff, 0x18, 0x81,
    0x88, 0x18, 0x81, 0x8, 0xff, 0xf1, 0x18, 0x11,
    0x81, 0x18, 0x31, 0x0,

    /* U+FF04 "＄" */
    0x4, 0x1, 0x0, 0xe0, 0xfe, 0x71, 0xd8, 0x6,
    0x1, 0xe0, 0x3e, 0x3, 0xe0, 0x1c, 0x3, 0x0,
    0xd8, 0x77, 0xf8, 0x38, 0x4, 0x1, 0x0,

    /* U+FF05 "％" */
    0x38, 0x10, 0x6c, 0x20, 0xc6, 0x20, 0xc6, 0x40,
    0xc6, 0x40, 0xc6, 0x80, 0xc6, 0x9c, 0x6d, 0x36,
    0x39, 0x63, 0x2, 0x63, 0x2, 0x63, 0x4, 0x63,
    0x4, 0x36, 0x8, 0x1c,

    /* U+FF06 "＆" */
    0x1e, 0x3, 0x30, 0x23, 0x2, 0x30, 0x36, 0x3,
    0xc0, 0x38, 0x26, 0xc6, 0xc6, 0x6c, 0x3c, 0xc1,
    0xc6, 0x3e, 0x3f, 0x20,

    /* U+FF07 "＇" */
    0xff, 0xf0,

    /* U+FF08 "（" */
    0x19, 0x9c, 0xc6, 0x63, 0x18, 0xc6, 0x31, 0x86,
    0x30, 0xc3, 0x8,

    /* U+FF09 "）" */
    0xc3, 0x18, 0x63, 0xc, 0x63, 0x18, 0xc6, 0x63,
    0x19, 0x98, 0x80,

    /* U+FF0A "＊" */
    0x2, 0x0, 0x10, 0x0, 0x80, 0x84, 0x27, 0x27,
    0xf, 0xe0, 0x3e, 0x1, 0xf0, 0x1f, 0xc3, 0x93,
    0x90, 0x84, 0x4, 0x0, 0x20, 0x1, 0x0,

    /* U+FF0B "＋" */
    0x2, 0x0, 0x10, 0x0, 0x80, 0x4, 0x0, 0x20,
    0x1, 0x3, 0xff, 0xe0, 0x40, 0x2, 0x0, 0x10,
    0x0, 0x80, 0x4, 0x0, 0x20, 0x0,

    /* U+FF0C "，" */
    0x77, 0x73, 0x2e, 0x0,

    /* U+FF0D "－" */
    0xff, 0xf8,

    /* U+FF0E "．" */
    0xff, 0x80,

    /* U+FF0F "／" */
    0x0, 0x1, 0x0, 0x2, 0x0, 0x4, 0x0, 0x8,
    0x0, 0x10, 0x0, 0x20, 0x0, 0x40, 0x0, 0x80,
    0x1, 0x0, 0x2, 0x0, 0x4, 0x0, 0x8, 0x0,
    0x10, 0x0, 0x20, 0x0, 0x40, 0x0, 0x80, 0x0,
    0x0, 0x0,

    /* U+FF10 "０" */
    0x1e, 0x1c, 0xe6, 0x1b, 0x3, 0xc0, 0xf0, 0x3c,
    0xf, 0x3, 0xc0, 0xf0, 0x36, 0x18, 0xcc, 0x1e,
    0x0,

    /* U+FF11 "１" */
    0x4, 0x1f, 0x7, 0xc0, 0x30, 0xc, 0x3, 0x0,
    0xc0, 0x30, 0xc, 0x3, 0x0, 0xc0, 0x30, 0xff,
    0xc0,

    /* U+FF12 "２" */
    0x3e, 0x38, 0xe0, 0x18, 0x6, 0x1, 0x80, 0x60,
    0x30, 0x1c, 0xe, 0x7, 0x7, 0x3, 0xff, 0xff,
    0xc0,

    /* U+FF13 "３" */
    0x1f, 0x1c, 0x60, 0xc, 0x3, 0x0, 0xc0, 0xe0,
    0xf0, 0x7, 0x0, 0xc0, 0x34, 0xd, 0x87, 0x3f,
    0x0,

    /* U+FF14 "４" */
    0x3, 0x80, 0xf0, 0x36, 0xe, 0xc1, 0x98, 0x63,
    0x1c, 0x67, 0xc, 0xff, 0xe0, 0x30, 0x6, 0x0,
    0xc0, 0x18,

    /* U+FF15 "５" */
    0x7f, 0x9f, 0xe6, 0x1, 0x80, 0x60, 0x1f, 0x84,
    0x38, 0x6, 0x1, 0xc0, 0x60, 0x1b, 0xe, 0x3e,
    0x0,

    /* U+FF16 "６" */
    0x1f, 0x8c, 0x26, 0x1, 0x0, 0xc0, 0x37, 0xcf,
    0x1b, 0x83, 0xc0, 0xf8, 0x36, 0xc, 0xc6, 0x1f,
    0x0,

    /* U+FF17 "７" */
    0xff, 0xff, 0xf0, 0x18, 0xc, 0x3, 0x1, 0x80,
    0x60, 0x30, 0xc, 0x3, 0x1, 0xc0, 0x60, 0x18,
    0x6, 0x0,

    /* U+FF18 "８" */
    0x3e, 0x18, 0xc6, 0x19, 0x6, 0x61, 0x8e, 0xc3,
    0xe1, 0x9e, 0xc1, 0xb0, 0x7c, 0x19, 0x8e, 0x3e,
    0x0,

    /* U+FF19 "９" */
    0x3e, 0x18, 0xcc, 0x1b, 0x7, 0xc0, 0xf0, 0x76,
    0x3c, 0xfb, 0x0, 0xc0, 0x20, 0x19, 0xc, 0x7e,
    0x0,

    /* U+FF1A "：" */
    0xff, 0x80, 0x0, 0x1f, 0xf0,

    /* U+FF1B "；" */
    0xff, 0x80, 0x0, 0xff, 0x97, 0xa0,

    /* U+FF1C "＜" */
    0x0, 0x0, 0x0, 0x70, 0x7, 0x0, 0x70, 0x7,
    0x0, 0x70, 0x7, 0x0, 0x38, 0x0, 0x38, 0x0,
    0x38, 0x0, 0x38, 0x0, 0x38, 0x0, 0x38, 0x0,
    0x30,

    /* U+FF1D "＝" */
    0xff, 0xf8, 0x0, 0x0, 0x0, 0x0, 0x0, 0x0,
    0x7f, 0xfc,

    /* U+FF1E "＞" */
    0x0, 0x3, 0x80, 0x3, 0x80, 0x3, 0x80, 0x3,
    0x80, 0x3, 0x80, 0x3, 0x80, 0xf, 0x0, 0x70,
    0x7, 0x0, 0x70, 0x7, 0x0, 0x70, 0x3, 0x0,
    0x0,

    /* U+FF1F "？" */
    0x7c, 0xc6, 0x3, 0x3, 0x6, 0xc, 0x18, 0x38,
    0x38, 0x0, 0x0, 0x38, 0x38,

    /* U+FF20 "＠" */
    0x3, 0xe0, 0x18, 0x30, 0xc0, 0x31, 0x0, 0x24,
    0x0, 0x28, 0x7c, 0x61, 0x98, 0xc6, 0x31, 0x8c,
    0x63, 0x18, 0x8a, 0x33, 0x16, 0x39, 0xc4, 0x0,
    0x4, 0x0, 0x6, 0x8, 0x7, 0xf0,

    /* U+FF21 "Ａ" */
    0xe, 0x0, 0xf0, 0xf, 0x1, 0x98, 0x19, 0x81,
    0x98, 0x30, 0xc3, 0xc, 0x7f, 0xe6, 0x6, 0x60,
    0x6c, 0x7, 0xc0, 0x30,

    /* U+FF22 "Ｂ" */
    0xff, 0x18, 0x33, 0x3, 0x60, 0x6c, 0xd, 0x83,
    0x3f, 0xc6, 0x6, 0xc0, 0x78, 0xf, 0x1, 0xe0,
    0x6f, 0xf8,

    /* U+FF23 "Ｃ" */
    0xf, 0x87, 0xf9, 0xc1, 0x30, 0xc, 0x1, 0x80,
    0x30, 0x6, 0x0, 0xc0, 0x18, 0x1, 0x80, 0x38,
    0x33, 0xfe, 0x1f, 0x0,

    /* U+FF24 "Ｄ" */
    0xfe, 0x18, 0x73, 0x3, 0x60, 0x6c, 0x7, 0x80,
    0xf0, 0x1e, 0x3, 0xc0, 0x78, 0x1b, 0x3, 0x61,
    0xcf, 0xe0,

    /* U+FF25 "Ｅ" */
    0xff, 0xff, 0xf0, 0x18, 0xc, 0x7, 0xf3, 0xf9,
    0x80, 0xc0, 0x60, 0x30, 0x1f, 0xff, 0xf8,

    /* U+FF26 "Ｆ" */
    0xff, 0xff, 0xf0, 0x18, 0xc, 0x7, 0xf3, 0xf9,
    0x80, 0xc0, 0x60, 0x30, 0x18, 0xc, 0x6, 0x0,

    /* U+FF27 "Ｇ" */
    0xf, 0xc3, 0xfe, 0x78, 0x66, 0x0, 0xe0, 0xc,
    0x0, 0xc0, 0xc, 0x1f, 0xc0, 0x3e, 0x3, 0x60,
    0x37, 0x83, 0x3f, 0xf0, 0xfc,

    /* U+FF28 "Ｈ" */
    0xc0, 0x78, 0xf, 0x1, 0xe0, 0x3c, 0x7, 0xff,
    0xff, 0xfe, 0x3, 0xc0, 0x78, 0xf, 0x1, 0xe0,
    0x3c, 0x6,

    /* U+FF29 "Ｉ" */
    0xff, 0xff, 0xc6, 0x3, 0x1, 0x80, 0xc0, 0x60,
    0x30, 0x18, 0xc, 0x6, 0x1f, 0xff, 0xf8,

    /* U+FF2A "Ｊ" */
    0x3, 0x3, 0x3, 0x3, 0x3, 0x3, 0x3, 0x3,
    0x3, 0x3, 0x3, 0xc7, 0xfe, 0x7c,

    /* U+FF2B "Ｋ" */
    0xc0, 0xd8, 0x33, 0xc, 0x63, 0xc, 0xc1, 0xb8,
    0x3f, 0x87, 0xb0, 0xe3, 0x18, 0x33, 0x7, 0x60,
    0x6c, 0x6,

    /* U+FF2C "Ｌ" */
    0xc0, 0x60, 0x30, 0x18, 0xc, 0x6, 0x3, 0x1,
    0x80, 0xc0, 0x60, 0x30, 0x18, 0xf, 0xff, 0xfc,

    /* U+FF2D "Ｍ" */
    0xe0, 0x3f, 0x1, 0xfc, 0x1f, 0xe0, 0xfd, 0xd,
    0xec, 0x6f, 0x62, 0x79, 0xb3, 0xcd, 0x1e, 0x38,
    0xf1, 0xc7, 0x84, 0x3c, 0x1, 0x80,

    /* U+FF2E "Ｎ" */
    0xe0, 0x7c, 0xf, 0xc1, 0xfc, 0x3d, 0x87, 0x98,
    0xf3, 0x9e, 0x33, 0xc3, 0x78, 0x7f, 0x7, 0xe0,
    0x7c, 0xe,

    /* U+FF2F "Ｏ" */
    0xf, 0x81, 0xff, 0x1c, 0x1c, 0xc0, 0x6c, 0x1,
    0xe0, 0xf, 0x0, 0x78, 0x3, 0xc0, 0x1e, 0x1,
    0xd8, 0xc, 0xe0, 0xe3, 0xfe, 0x7, 0xc0,

    /* U+FF30 "Ｐ" */
    0xff, 0x30, 0x6c, 0xf, 0x3, 0xc0, 0xf0, 0x3c,
    0x1b, 0xf8, 0xc0, 0x30, 0xc, 0x3, 0x0, 0xc0,
    0x0,

    /* U+FF31 "Ｑ" */
    0xf, 0x80, 0xff, 0x87, 0x7, 0x18, 0xc, 0xe0,
    0x3b, 0x0, 0x6c, 0x1, 0xb0, 0x6, 0xc0, 0x1b,
    0x0, 0x66, 0x3, 0x18, 0xc, 0x18, 0xe0, 0x1f,
    0x0, 0x30, 0x0, 0x60, 0x0, 0x78,

    /* U+FF32 "Ｒ" */
    0xff, 0x18, 0x33, 0x3, 0x60, 0x6c, 0xd, 0x83,
    0x3f, 0xc6, 0x30, 0xc3, 0x18, 0x73, 0x6, 0x60,
    0x6c, 0xc,

    /* U+FF33 "Ｓ" */
    0x1f, 0x7, 0xf9, 0xc3, 0x30, 0x6, 0x0, 0x70,
    0x7, 0xc0, 0x3e, 0x0, 0xe0, 0xd, 0x1, 0xb0,
    0x77, 0xfc, 0x3f, 0x0,

    /* U+FF34 "Ｔ" */
    0xff, 0xff, 0xfc, 0x38, 0x7, 0x0, 0xe0, 0x1c,
    0x3, 0x80, 0x70, 0xe, 0x1, 0xc0, 0x38, 0x7,
    0x0, 0xe0, 0x1c, 0x0,

    /* U+FF35 "Ｕ" */
    0xc0, 0x78, 0xf, 0x1, 0xe0, 0x3c, 0x7, 0x80,
    0xf0, 0x1e, 0x3, 0xc0, 0x78, 0xf, 0x83, 0xb0,
    0xe7, 0xfc, 0x3e, 0x0,

    /* U+FF36 "Ｖ" */
    0xc0, 0x36, 0x6, 0x60, 0x67, 0x6, 0x30, 0xc3,
    0xc, 0x38, 0xc1, 0x98, 0x19, 0x81, 0x90, 0xf,
    0x0, 0xf0, 0x6, 0x0,

    /* U+FF37 "Ｗ" */
    0x60, 0xc1, 0x98, 0x30, 0x66, 0x1e, 0x19, 0x87,
    0x86, 0x31, 0x61, 0xc, 0xcc, 0xc3, 0x33, 0x30,
    0xcc, 0xcc, 0x32, 0x13, 0x7, 0x87, 0x81, 0xe1,
    0xe0, 0x78, 0x78, 0x1c, 0xe, 0x0,

    /* U+FF38 "Ｘ" */
    0x60, 0x63, 0xc, 0x38, 0xc1, 0x98, 0xf, 0x0,
    0xf0, 0x6, 0x0, 0xf0, 0x1b, 0x81, 0x98, 0x30,
    0xc7, 0xe, 0x60, 0x60,

    /* U+FF39 "Ｙ" */
    0x60, 0x67, 0xe, 0x30, 0xc1, 0x98, 0x19, 0x80,
    0xf0, 0xf, 0x0, 0x60, 0x6, 0x0, 0x60, 0x6,
    0x0, 0x60, 0x6, 0x0,

    /* U+FF3A "Ｚ" */
    0x7f, 0xef, 0xfc, 0x3, 0x0, 0xc0, 0x30, 0xc,
    0x3, 0x80, 0xe0, 0x18, 0x6, 0x1, 0x80, 0x7f,
    0xff, 0xfe,

    /* U+FF3B "［" */
    0xfe, 0x31, 0x8c, 0x63, 0x18, 0xc6, 0x31, 0x8c,
    0x63, 0x1f,

    /* U+FF3C "＼" */
    0x80, 0x0, 0x40, 0x0, 0x20, 0x0, 0x10, 0x0,
    0x8, 0x0, 0x4, 0x0, 0x2, 0x0, 0x1, 0x0,
    0x0, 0x80, 0x0, 0x40, 0x0, 0x20, 0x0, 0x10,
    0x0, 0x8, 0x0, 0x4, 0x0, 0x2, 0x0, 0x1,
    0x0, 0x0,

    /* U+FF3D "］" */
    0xf8, 0xc6, 0x31, 0x8c, 0x63, 0x18, 0xc6, 0x31,
    0x8c, 0x7f,

    /* U+FF3E "＾" */
    0x31, 0xb0,

    /* U+FF3F "＿" */
    0xff, 0xff, 0xc0,

    /* U+FF40 "｀" */
    0xc6, 0x30,

    /* U+FF41 "ａ" */
    0x7e, 0x21, 0x80, 0x60, 0xf7, 0xff, 0xf, 0x7,
    0x83, 0xe3, 0xbe, 0xc0,

    /* U+FF42 "ｂ" */
    0xc0, 0x30, 0xc, 0x3, 0x0, 0xdf, 0x38, 0x6c,
    0xf, 0x3, 0xc0, 0xf0, 0x3c, 0xf, 0x6, 0xe3,
    0xbf, 0x80,

    /* U+FF43 "ｃ" */
    0x1f, 0x38, 0xd8, 0x18, 0xc, 0x6, 0x3, 0x0,
    0xc0, 0x71, 0x8f, 0x80,

    /* U+FF44 "ｄ" */
    0x0, 0xc0, 0x30, 0xc, 0x3, 0x1e, 0xdf, 0xf7,
    0x1f, 0x83, 0xc0, 0xf0, 0x3c, 0xf, 0x3, 0x61,
    0xcf, 0xf0,

    /* U+FF45 "ｅ" */
    0x1f, 0x18, 0x64, 0xf, 0x3, 0xff, 0xf0, 0xc,
    0x1, 0x80, 0x70, 0x87, 0xe0,

    /* U+FF46 "ｆ" */
    0x7, 0xc7, 0x1, 0x80, 0x60, 0xff, 0x86, 0x1,
    0x80, 0x60, 0x18, 0x6, 0x1, 0x80, 0x60, 0x18,
    0x6, 0x0,

    /* U+FF47 "ｇ" */
    0x3f, 0xec, 0x71, 0x86, 0x30, 0xc6, 0x18, 0xc6,
    0xf, 0x83, 0x0, 0x60, 0x7, 0xf9, 0x3, 0x60,
    0x6e, 0x1c, 0x7e, 0x0,

    /* U+FF48 "ｈ" */
    0xc0, 0x60, 0x30, 0x18, 0xc, 0xf7, 0xff, 0x8f,
    0x83, 0xc1, 0xe0, 0xf0, 0x78, 0x3c, 0x1e, 0xc,

    /* U+FF49 "ｉ" */
    0xf0, 0xff, 0xff, 0xf0,

    /* U+FF4A "ｊ" */
    0x6, 0xc, 0x0, 0x0, 0x60, 0xc1, 0x83, 0x6,
    0xc, 0x18, 0x30, 0x60, 0xc1, 0x83, 0x8d, 0xf0,

    /* U+FF4B "ｋ" */
    0xc0, 0x30, 0xc, 0x3, 0x0, 0xc3, 0xb1, 0xcc,
    0xe3, 0x70, 0xfc, 0x3f, 0xe, 0x63, 0x1c, 0xc3,
    0x30, 0x60,

    /* U+FF4C "ｌ" */
    0xc3, 0xc, 0x30, 0xc3, 0xc, 0x30, 0xc3, 0xc,
    0x30, 0xc1, 0xf0,

    /* U+FF4D "ｍ" */
    0xdf, 0x3e, 0xff, 0xff, 0xe1, 0xc3, 0xc1, 0x83,
    0xc1, 0x83, 0xc1, 0x83, 0xc1, 0x83, 0xc1, 0x83,
    0xc1, 0x83, 0xc1, 0x83,

    /* U+FF4E "ｎ" */
    0xdf, 0x7f, 0xf8, 0x78, 0x3c, 0x1e, 0xf, 0x7,
    0x83, 0xc1, 0xe0, 0xc0,

    /* U+FF4F "ｏ" */
    0x1e, 0x18, 0x66, 0x1b, 0x3, 0xc0, 0xf0, 0x3c,
    0xd, 0x86, 0x61, 0x87, 0x80,

    /* U+FF50 "ｐ" */
    0xdf, 0x3f, 0xec, 0x1f, 0x3, 0xc0, 0xf0, 0x3c,
    0xf, 0x6, 0xff, 0xb7, 0xcc, 0x3, 0x0, 0xc0,
    0x30, 0x0,

    /* U+FF51 "ｑ" */
    0x3e, 0xdf, 0xf6, 0xf, 0x3, 0xc0, 0xf0, 0x3c,
    0xf, 0x83, 0x7f, 0xcf, 0xb0, 0xc, 0x3, 0x0,
    0xc0, 0x30,

    /* U+FF52 "ｒ" */
    0xcf, 0xff, 0xe0, 0xe0, 0xc0, 0xc0, 0xc0, 0xc0,
    0xc0, 0xc0,

    /* U+FF53 "ｓ" */
    0x1f, 0x98, 0x26, 0x1, 0xe0, 0x3f, 0x3, 0xe0,
    0x1c, 0x3, 0x61, 0x8f, 0xc0,

    /* U+FF54 "ｔ" */
    0x18, 0xc, 0x3f, 0xe3, 0x1, 0x80, 0xc0, 0x60,
    0x30, 0x18, 0xc, 0x6, 0x1, 0xf0,

    /* U+FF55 "ｕ" */
    0xc1, 0xe0, 0xf0, 0x78, 0x3c, 0x1e, 0xf, 0x7,
    0xc7, 0x7f, 0xbc, 0xc0,

    /* U+FF56 "ｖ" */
    0xc0, 0xf8, 0x36, 0x19, 0x86, 0x33, 0xc, 0xc3,
    0x30, 0x78, 0x1e, 0x3, 0x0,

    /* U+FF57 "ｗ" */
    0xc1, 0x83, 0x61, 0x86, 0x63, 0xc6, 0x63, 0xc6,
    0x32, 0x44, 0x36, 0x6c, 0x36, 0x6c, 0x34, 0x2c,
    0x1c, 0x38, 0x1c, 0x38,

    /* U+FF58 "ｘ" */
    0x61, 0x9c, 0xe3, 0x30, 0x78, 0x1e, 0x7, 0x81,
    0xe0, 0xcc, 0x61, 0xb8, 0x70,

    /* U+FF59 "ｙ" */
    0xc0, 0xd8, 0x66, 0x18, 0xc6, 0x33, 0xc, 0xc1,
    0xa0, 0x78, 0xe, 0x3, 0x0, 0xc0, 0x60, 0xf0,
    0x0,

    /* U+FF5A "ｚ" */
    0x7f, 0x81, 0x81, 0x81, 0xc1, 0xc0, 0xc0, 0xe0,
    0xe0, 0x60, 0x7f, 0xc0,

    /* U+FF5B "｛" */
    0x1c, 0xc3, 0xc, 0x30, 0xc3, 0xc, 0xc0, 0xc3,
    0xc, 0x30, 0xc3, 0x7,

    /* U+FF5C "｜" */
    0xff, 0xff, 0xc0,

    /* U+FF5D "｝" */
    0xe0, 0xc3, 0xc, 0x30, 0xc3, 0xc, 0xc, 0xc3,
    0xc, 0x30, 0xc3, 0x38,

    /* U+FF5E "～" */
    0x3e, 0x0, 0x7f, 0x2, 0xe3, 0xc7, 0x40, 0xfe,
    0x0, 0x7c,

    /* U+FF5F "｟" */
    0x36, 0x49, 0x22, 0x4d, 0x92, 0x24, 0x48, 0x91,
    0x22, 0x44, 0x84, 0x89, 0x19, 0x12, 0x12,

    /* U+FF60 "｠" */
    0xd8, 0x91, 0x91, 0x22, 0x62, 0x44, 0x89, 0x12,
    0x24, 0x49, 0x92, 0x44, 0x92, 0x64, 0x90,

    /* U+FF61 "｡" */
    0x7b, 0x38, 0x73, 0x78,

    /* U+FF62 "｢" */
    0xff, 0xc, 0x30, 0xc3, 0xc, 0x30, 0xc3, 0xc,
    0x0,

    /* U+FF63 "｣" */
    0xc, 0x30, 0xc3, 0xc, 0x30, 0xc3, 0xc, 0x3f,
    0xc0,

    /* U+FF64 "､" */
    0x61, 0xc3, 0x87, 0x8,

    /* U+FF65 "･" */
    0xff, 0x80
};


/*---------------------
 *  GLYPH DESCRIPTION
 *--------------------*/

static const lv_font_fmt_txt_glyph_dsc_t glyph_dsc[] = {
    {.bitmap_index = 0, .adv_w = 0, .box_w = 0, .box_h = 0, .ofs_x = 0, .ofs_y = 0} /* id = 0 reserved */,
    {.bitmap_index = 0, .adv_w = 65, .box_w = 1, .box_h = 1, .ofs_x = 0, .ofs_y = 0},
    {.bitmap_index = 1, .adv_w = 99, .box_w = 3, .box_h = 13, .ofs_x = 2, .ofs_y = 0},
    {.bitmap_index = 6, .adv_w = 149, .box_w = 6, .box_h = 5, .ofs_x = 2, .ofs_y = 9},
    {.bitmap_index = 10, .adv_w = 164, .box_w = 9, .box_h = 13, .ofs_x = 1, .ofs_y = 0},
    {.bitmap_index = 25, .adv_w = 164, .box_w = 9, .box_h = 17, .ofs_x = 0, .ofs_y = -2},
    {.bitmap_index = 45, .adv_w = 270, .box_w = 16, .box_h = 13, .ofs_x = 1, .ofs_y = 0},
    {.bitmap_index = 71, .adv_w = 203, .box_w = 12, .box_h = 13, .ofs_x = 1, .ofs_y = 0},
    {.bitmap_index = 91, .adv_w = 86, .box_w = 2, .box_h = 5, .ofs_x = 2, .ofs_y = 9},
    {.bitmap_index = 93, .adv_w = 103, .box_w = 4, .box_h = 19, .ofs_x = 2, .ofs_y = -4},
    {.bitmap_index = 103, .adv_w = 103, .box_w = 4, .box_h = 19, .ofs_x = 1, .ofs_y = -4},
    {.bitmap_index = 113, .adv_w = 139, .box_w = 7, .box_h = 6, .ofs_x = 1, .ofs_y = 8},
    {.bitmap_index = 119, .adv_w = 164, .box_w = 9, .box_h = 9, .ofs_x = 1, .ofs_y = 2},
    {.bitmap_index = 130, .adv_w = 86, .box_w = 4, .box_h = 5, .ofs_x = 1, .ofs_y = -4},
    {.bitmap_index = 133, .adv_w = 103, .box_w = 5, .box_h = 1, .ofs_x = 1, .ofs_y = 5},
    {.bitmap_index = 134, .adv_w = 86, .box_w = 3, .box_h = 3, .ofs_x = 1, .ofs_y = 0},
    {.bitmap_index = 136, .adv_w = 112, .box_w = 7, .box_h = 18, .ofs_x = 0, .ofs_y = -4},
    {.bitmap_index = 152, .adv_w = 164, .box_w = 9, .box_h = 13, .ofs_x = 1, .ofs_y = 0},
    {.bitmap_index = 167, .adv_w = 164, .box_w = 8, .box_h = 13, .ofs_x = 2, .ofs_y = 0},
    {.bitmap_index = 180, .adv_w = 164, .box_w = 9, .box_h = 13, .ofs_x = 1, .ofs_y = 0},
    {.bitmap_index = 195, .adv_w = 164, .box_w = 8, .box_h = 13, .ofs_x = 1, .ofs_y = 0},
    {.bitmap_index = 208, .adv_w = 164, .box_w = 9, .box_h = 13, .ofs_x = 1, .ofs_y = 0},
    {.bitmap_index = 223, .adv_w = 164, .box_w = 8, .box_h = 13, .ofs_x = 1, .ofs_y = 0},
    {.bitmap_index = 236, .adv_w = 164, .box_w = 9, .box_h = 13, .ofs_x = 1, .ofs_y = 0},
    {.bitmap_index = 251, .adv_w = 164, .box_w = 9, .box_h = 13, .ofs_x = 1, .ofs_y = 0},
    {.bitmap_index = 266, .adv_w = 164, .box_w = 9, .box_h = 13, .ofs_x = 1, .ofs_y = 0},
    {.bitmap_index = 281, .adv_w = 164, .box_w = 9, .box_h = 13, .ofs_x = 1, .ofs_y = 0},
    {.bitmap_index = 296, .adv_w = 86, .box_w = 3, .box_h = 10, .ofs_x = 1, .ofs_y = 0},
    {.bitmap_index = 300, .adv_w = 86, .box_w = 3, .box_h = 14, .ofs_x = 1, .ofs_y = -4},
    {.bitmap_index = 306, .adv_w = 164, .box_w = 9, .box_h = 9, .ofs_x = 1, .ofs_y = 2},
    {.bitmap_index = 317, .adv_w = 164, .box_w = 9, .box_h = 5, .ofs_x = 1, .ofs_y = 5},
    {.bitmap_index = 323, .adv_w = 164, .box_w = 9, .box_h = 9, .ofs_x = 1, .ofs_y = 2},
    {.bitmap_index = 334, .adv_w = 142, .box_w = 7, .box_h = 13, .ofs_x = 1, .ofs_y = 0},
    {.bitmap_index = 346, .adv_w = 280, .box_w = 16, .box_h = 16, .ofs_x = 1, .ofs_y = -3},
    {.bitmap_index = 378, .adv_w = 179, .box_w = 11, .box_h = 13, .ofs_x = 0, .ofs_y = 0},
    {.bitmap_index = 396, .adv_w = 192, .box_w = 9, .box_h = 13, .ofs_x = 2, .ofs_y = 0},
    {.bitmap_index = 411, .adv_w = 186, .box_w = 10, .box_h = 13, .ofs_x = 1, .ofs_y = 0},
    {.bitmap_index = 428, .adv_w = 201, .box_w = 10, .box_h = 13, .ofs_x = 2, .ofs_y = 0},
    {.bitmap_index = 445, .adv_w = 173, .box_w = 8, .box_h = 13, .ofs_x = 2, .ofs_y = 0},
    {.bitmap_index = 458, .adv_w = 163, .box_w = 8, .box_h = 13, .ofs_x = 2, .ofs_y = 0},
    {.bitmap_index = 471, .adv_w = 202, .box_w = 10, .box_h = 13, .ofs_x = 1, .ofs_y = 0},
    {.bitmap_index = 488, .adv_w = 213, .box_w = 10, .box_h = 13, .ofs_x = 2, .ofs_y = 0},
    {.bitmap_index = 505, .adv_w = 89, .box_w = 2, .box_h = 13, .ofs_x = 2, .ofs_y = 0},
    {.bitmap_index = 509, .adv_w = 158, .box_w = 8, .box_h = 13, .ofs_x = 0, .ofs_y = 0},
    {.bitmap_index = 522, .adv_w = 191, .box_w = 10, .box_h = 13, .ofs_x = 2, .ofs_y = 0},
    {.bitmap_index = 539, .adv_w = 161, .box_w = 8, .box_h = 13, .ofs_x = 2, .ofs_y = 0},
    {.bitmap_index = 552, .adv_w = 239, .box_w = 12, .box_h = 13, .ofs_x = 2, .ofs_y = 0},
    {.bitmap_index = 572, .adv_w = 211, .box_w = 10, .box_h = 13, .ofs_x = 2, .ofs_y = 0},
    {.bitmap_index = 589, .adv_w = 217, .box_w = 11, .box_h = 13, .ofs_x = 1, .ofs_y = 0},
    {.bitmap_index = 607, .adv_w = 187, .box_w = 9, .box_h = 13, .ofs_x = 2, .ofs_y = 0},
    {.bitmap_index = 622, .adv_w = 217, .box_w = 11, .box_h = 16, .ofs_x = 1, .ofs_y = -3},
    {.bitmap_index = 644, .adv_w = 189, .box_w = 9, .box_h = 13, .ofs_x = 2, .ofs_y = 0},
    {.bitmap_index = 659, .adv_w = 175, .box_w = 10, .box_h = 13, .ofs_x = 0, .ofs_y = 0},
    {.bitmap_index = 676, .adv_w = 176, .box_w = 10, .box_h = 13, .ofs_x = 1, .ofs_y = 0},
    {.bitmap_index = 693, .adv_w = 211, .box_w = 10, .box_h = 13, .ofs_x = 2, .ofs_y = 0},
    {.bitmap_index = 710, .adv_w = 171, .box_w = 11, .box_h = 13, .ofs_x = 0, .ofs_y = 0},
    {.bitmap_index = 728, .adv_w = 257, .box_w = 16, .box_h = 13, .ofs_x = 0, .ofs_y = 0},
    {.bitmap_index = 754, .adv_w = 172, .box_w = 10, .box_h = 13, .ofs_x = 0, .ofs_y = 0},
    {.bitmap_index = 771, .adv_w = 159, .box_w = 10, .box_h = 13, .ofs_x = 0, .ofs_y = 0},
    {.bitmap_index = 788, .adv_w = 175, .box_w = 9, .box_h = 13, .ofs_x = 1, .ofs_y = 0},
    {.bitmap_index = 803, .adv_w = 103, .box_w = 4, .box_h = 17, .ofs_x = 2, .ofs_y = -3},
    {.bitmap_index = 812, .adv_w = 112, .box_w = 7, .box_h = 18, .ofs_x = 0, .ofs_y = -4},
    {.bitmap_index = 828, .adv_w = 103, .box_w = 4, .box_h = 17, .ofs_x = 1, .ofs_y = -3},
    {.bitmap_index = 837, .adv_w = 164, .box_w = 8, .box_h = 8, .ofs_x = 1, .ofs_y = 6},
    {.bitmap_index = 845, .adv_w = 162, .box_w = 10, .box_h = 1, .ofs_x = 1, .ofs_y = -2},
    {.bitmap_index = 847, .adv_w = 177, .box_w = 5, .box_h = 5, .ofs_x = 2, .ofs_y = 11},
    {.bitmap_index = 851, .adv_w = 166, .box_w = 8, .box_h = 10, .ofs_x = 1, .ofs_y = 0},
    {.bitmap_index = 861, .adv_w = 181, .box_w = 9, .box_h = 14, .ofs_x = 2, .ofs_y = 0},
    {.bitmap_index = 877, .adv_w = 149, .box_w = 8, .box_h = 10, .ofs_x = 1, .ofs_y = 0},
    {.bitmap_index = 887, .adv_w = 181, .box_w = 9, .box_h = 14, .ofs_x = 1, .ofs_y = 0},
    {.bitmap_index = 903, .adv_w = 163, .box_w = 9, .box_h = 10, .ofs_x = 1, .ofs_y = 0},
    {.bitmap_index = 915, .adv_w = 100, .box_w = 6, .box_h = 14, .ofs_x = 1, .ofs_y = 0},
    {.bitmap_index = 926, .adv_w = 166, .box_w = 9, .box_h = 14, .ofs_x = 1, .ofs_y = -4},
    {.bitmap_index = 942, .adv_w = 179, .box_w = 8, .box_h = 14, .ofs_x = 2, .ofs_y = 0},
    {.bitmap_index = 956, .adv_w = 83, .box_w = 2, .box_h = 14, .ofs_x = 1, .ofs_y = 0},
    {.bitmap_index = 960, .adv_w = 83, .box_w = 4, .box_h = 18, .ofs_x = -1, .ofs_y = -4},
    {.bitmap_index = 969, .adv_w = 166, .box_w = 9, .box_h = 14, .ofs_x = 2, .ofs_y = 0},
    {.bitmap_index = 985, .adv_w = 86, .box_w = 3, .box_h = 14, .ofs_x = 2, .ofs_y = 0},
    {.bitmap_index = 991, .adv_w = 272, .box_w = 14, .box_h = 10, .ofs_x = 2, .ofs_y = 0},
    {.bitmap_index = 1009, .adv_w = 180, .box_w = 8, .box_h = 10, .ofs_x = 2, .ofs_y = 0},
    {.bitmap_index = 1019, .adv_w = 177, .box_w = 9, .box_h = 10, .ofs_x = 1, .ofs_y = 0},
    {.bitmap_index = 1031, .adv_w = 181, .box_w = 9, .box_h = 14, .ofs_x = 2, .ofs_y = -4},
    {.bitmap_index = 1047, .adv_w = 181, .box_w = 9, .box_h = 14, .ofs_x = 1, .ofs_y = -4},
    {.bitmap_index = 1063, .adv_w = 118, .box_w = 6, .box_h = 10, .ofs_x = 2, .ofs_y = 0},
    {.bitmap_index = 1071, .adv_w = 138, .box_w = 8, .box_h = 10, .ofs_x = 0, .ofs_y = 0},
    {.bitmap_index = 1081, .adv_w = 114, .box_w = 6, .box_h = 13, .ofs_x = 1, .ofs_y = 0},
    {.bitmap_index = 1091, .adv_w = 179, .box_w = 8, .box_h = 10, .ofs_x = 1, .ofs_y = 0},
    {.bitmap_index = 1101, .adv_w = 157, .box_w = 10, .box_h = 10, .ofs_x = 0, .ofs_y = 0},
    {.bitmap_index = 1114, .adv_w = 239, .box_w = 14, .box_h = 10, .ofs_x = 0, .ofs_y = 0},
    {.bitmap_index = 1132, .adv_w = 151, .box_w = 9, .box_h = 10, .ofs_x = 0, .ofs_y = 0},
    {.bitmap_index = 1144, .adv_w = 157, .box_w = 10, .box_h = 14, .ofs_x = 0, .ofs_y = -4},
    {.bitmap_index = 1162, .adv_w = 141, .box_w = 8, .box_h = 10, .ofs_x = 1, .ofs_y = 0},
    {.bitmap_index = 1172, .adv_w = 103, .box_w = 6, .box_h = 17, .ofs_x = 0, .ofs_y = -3},
    {.bitmap_index = 1185, .adv_w = 81, .box_w = 2, .box_h = 20, .ofs_x = 2, .ofs_y = -5},
    {.bitmap_index = 1190, .adv_w = 103, .box_w = 5, .box_h = 17, .ofs_x = 0, .ofs_y = -3},
    {.bitmap_index = 1201, .adv_w = 164, .box_w = 9, .box_h = 3, .ofs_x = 1, .ofs_y = 5},
    {.bitmap_index = 1205, .adv_w = 288, .box_w = 4, .box_h = 4, .ofs_x = 7, .ofs_y = 5},
    {.bitmap_index = 1207, .adv_w = 156, .box_w = 8, .box_h = 1, .ofs_x = 1, .ofs_y = 5},
    {.bitmap_index = 1208, .adv_w = 259, .box_w = 14, .box_h = 1, .ofs_x = 1, .ofs_y = 5},
    {.bitmap_index = 1210, .adv_w = 288, .box_w = 16, .box_h = 1, .ofs_x = 1, .ofs_y = 6},
    {.bitmap_index = 1212, .adv_w = 288, .box_w = 4, .box_h = 17, .ofs_x = 7, .ofs_y = -2},
    {.bitmap_index = 1221, .adv_w = 288, .box_w = 3, .box_h = 4, .ofs_x = 14, .ofs_y = 11},
    {.bitmap_index = 1223, .adv_w = 288, .box_w = 3, .box_h = 4, .ofs_x = 1, .ofs_y = 10},
    {.bitmap_index = 1225, .adv_w = 86, .box_w = 4, .box_h = 4, .ofs_x = 1, .ofs_y = -3},
    {.bitmap_index = 1227, .adv_w = 288, .box_w = 7, .box_h = 4, .ofs_x = 11, .ofs_y = 11},
    {.bitmap_index = 1231, .adv_w = 288, .box_w = 6, .box_h = 4, .ofs_x = 1, .ofs_y = 10},
    {.bitmap_index = 1234, .adv_w = 149, .box_w = 9, .box_h = 4, .ofs_x = 1, .ofs_y = -3},
    {.bitmap_index = 1239, .adv_w = 288, .box_w = 10, .box_h = 15, .ofs_x = 4, .ofs_y = 0},
    {.bitmap_index = 1258, .adv_w = 288, .box_w = 10, .box_h = 15, .ofs_x = 4, .ofs_y = 0},
    {.bitmap_index = 1277, .adv_w = 288, .box_w = 4, .box_h = 4, .ofs_x = 7, .ofs_y = 5},
    {.bitmap_index = 1279, .adv_w = 288, .box_w = 11, .box_h = 1, .ofs_x = 3, .ofs_y = 6},
    {.bitmap_index = 1281, .adv_w = 288, .box_w = 14, .box_h = 1, .ofs_x = 2, .ofs_y = 6},
    {.bitmap_index = 1283, .adv_w = 288, .box_w = 1, .box_h = 1, .ofs_x = 0, .ofs_y = 0},
    {.bitmap_index = 1284, .adv_w = 288, .box_w = 5, .box_h = 5, .ofs_x = 1, .ofs_y = -1},
    {.bitmap_index = 1288, .adv_w = 288, .box_w = 6, .box_h = 5, .ofs_x = 1, .ofs_y = -1},
    {.bitmap_index = 1292, .adv_w = 288, .box_w = 10, .box_h = 9, .ofs_x = 4, .ofs_y = 2},
    {.bitmap_index = 1304, .adv_w = 288, .box_w = 17, .box_h = 16, .ofs_x = 1, .ofs_y = -1},
    {.bitmap_index = 1338, .adv_w = 288, .box_w = 13, .box_h = 14, .ofs_x = 2, .ofs_y = 0},
    {.bitmap_index = 1361, .adv_w = 288, .box_w = 13, .box_h = 15, .ofs_x = 3, .ofs_y = -1},
    {.bitmap_index = 1386, .adv_w = 288, .box_w = 17, .box_h = 16, .ofs_x = 1, .ofs_y = -1},
    {.bitmap_index = 1420, .adv_w = 288, .box_w = 7, .box_h = 17, .ofs_x = 10, .ofs_y = -2},
    {.bitmap_index = 1435, .adv_w = 288, .box_w = 7, .box_h = 17, .ofs_x = 1, .ofs_y = -2},
    {.bitmap_index = 1450, .adv_w = 288, .box_w = 8, .box_h = 17, .ofs_x = 9, .ofs_y = -2},
    {.bitmap_index = 1467, .adv_w = 288, .box_w = 8, .box_h = 17, .ofs_x = 1, .ofs_y = -2},
    {.bitmap_index = 1484, .adv_w = 288, .box_w = 6, .box_h = 11, .ofs_x = 11, .ofs_y = 4},
    {.bitmap_index = 1493, .adv_w = 288, .box_w = 6, .box_h = 11, .ofs_x = 1, .ofs_y = -1},
    {.bitmap_index = 1502, .adv_w = 288, .box_w = 7, .box_h = 12, .ofs_x = 11, .ofs_y = 3},
    {.bitmap_index = 1513, .adv_w = 288, .box_w = 7, .box_h = 11, .ofs_x = 0, .ofs_y = -1},
    {.bitmap_index = 1523, .adv_w = 288, .box_w = 6, .box_h = 16, .ofs_x = 12, .ofs_y = -1},
    {.bitmap_index = 1535, .adv_w = 288, .box_w = 6, .box_h = 16, .ofs_x = 0, .ofs_y = -1},
    {.bitmap_index = 1547, .adv_w = 288, .box_w = 12, .box_h = 12, .ofs_x = 3, .ofs_y = 1},
    {.bitmap_index = 1565, .adv_w = 288, .box_w = 14, .box_h = 14, .ofs_x = 2, .ofs_y = 0},
    {.bitmap_index = 1590, .adv_w = 288, .box_w = 5, .box_h = 18, .ofs_x = 12, .ofs_y = -2},
    {.bitmap_index = 1602, .adv_w = 288, .box_w = 5, .box_h = 18, .ofs_x = 1, .ofs_y = -2},
    {.bitmap_index = 1614, .adv_w = 288, .box_w = 7, .box_h = 16, .ofs_x = 11, .ofs_y = -1},
    {.bitmap_index = 1628, .adv_w = 288, .box_w = 6, .box_h = 16, .ofs_x = 1, .ofs_y = -1},
    {.bitmap_index = 1640, .adv_w = 288, .box_w = 6, .box_h = 18, .ofs_x = 12, .ofs_y = -2},
    {.bitmap_index = 1654, .adv_w = 288, .box_w = 6, .box_h = 18, .ofs_x = 0, .ofs_y = -2},
    {.bitmap_index = 1668, .adv_w = 288, .box_w = 5, .box_h = 16, .ofs_x = 12, .ofs_y = -1},
    {.bitmap_index = 1678, .adv_w = 288, .box_w = 5, .box_h = 16, .ofs_x = 0, .ofs_y = -1},
    {.bitmap_index = 1688, .adv_w = 288, .box_w = 16, .box_h = 5, .ofs_x = 1, .ofs_y = 4},
    {.bitmap_index = 1698, .adv_w = 288, .box_w = 5, .box_h = 7, .ofs_x = 12, .ofs_y = 8},
    {.bitmap_index = 1703, .adv_w = 288, .box_w = 5, .box_h = 7, .ofs_x = 1, .ofs_y = 8},
    {.bitmap_index = 1708, .adv_w = 288, .box_w = 5, .box_h = 8, .ofs_x = 1, .ofs_y = -2},
    {.bitmap_index = 1713, .adv_w = 288, .box_w = 17, .box_h = 13, .ofs_x = 1, .ofs_y = 0},
    {.bitmap_index = 1741, .adv_w = 288, .box_w = 2, .box_h = 15, .ofs_x = 8, .ofs_y = -1},
    {.bitmap_index = 1745, .adv_w = 288, .box_w = 7, .box_h = 15, .ofs_x = 6, .ofs_y = -1},
    {.bitmap_index = 1759, .adv_w = 288, .box_w = 11, .box_h = 15, .ofs_x = 4, .ofs_y = -1},
    {.bitmap_index = 1780, .adv_w = 288, .box_w = 14, .box_h = 15, .ofs_x = 2, .ofs_y = -1},
    {.bitmap_index = 1807, .adv_w = 288, .box_w = 10, .box_h = 14, .ofs_x = 4, .ofs_y = 0},
    {.bitmap_index = 1825, .adv_w = 288, .box_w = 16, .box_h = 6, .ofs_x = 1, .ofs_y = 8},
    {.bitmap_index = 1837, .adv_w = 288, .box_w = 16, .box_h = 11, .ofs_x = 1, .ofs_y = 3},
    {.bitmap_index = 1859, .adv_w = 288, .box_w = 15, .box_h = 14, .ofs_x = 1, .ofs_y = 0},
    {.bitmap_index = 1886, .adv_w = 288, .box_w = 16, .box_h = 14, .ofs_x = 1, .ofs_y = 0},
    {.bitmap_index = 1914, .adv_w = 0, .box_w = 4, .box_h = 4, .ofs_x = -18, .ofs_y = -6},
    {.bitmap_index = 1916, .adv_w = 0, .box_w = 4, .box_h = 3, .ofs_x = -18, .ofs_y = 16},
    {.bitmap_index = 1918, .adv_w = 0, .box_w = 4, .box_h = 3, .ofs_x = -3, .ofs_y = 16},
    {.bitmap_index = 1920, .adv_w = 0, .box_w = 4, .box_h = 4, .ofs_x = -3, .ofs_y = -6},
    {.bitmap_index = 1922, .adv_w = 72, .box_w = 3, .box_h = 3, .ofs_x = 1, .ofs_y = 5},
    {.bitmap_index = 1924, .adv_w = 72, .box_w = 3, .box_h = 7, .ofs_x = 1, .ofs_y = 3},
    {.bitmap_index = 1927, .adv_w = 288, .box_w = 18, .box_h = 5, .ofs_x = 0, .ofs_y = 4},
    {.bitmap_index = 1939, .adv_w = 288, .box_w = 17, .box_h = 16, .ofs_x = 0, .ofs_y = -1},
    {.bitmap_index = 1973, .adv_w = 288, .box_w = 17, .box_h = 17, .ofs_x = 0, .ofs_y = -2},
    {.bitmap_index = 2010, .adv_w = 288, .box_w = 16, .box_h = 15, .ofs_x = 1, .ofs_y = -1},
    {.bitmap_index = 2040, .adv_w = 288, .box_w = 16, .box_h = 15, .ofs_x = 1, .ofs_y = -1},
    {.bitmap_index = 2070, .adv_w = 288, .box_w = 16, .box_h = 15, .ofs_x = 1, .ofs_y = -1},
    {.bitmap_index = 2100, .adv_w = 288, .box_w = 9, .box_h = 16, .ofs_x = 4, .ofs_y = -1},
    {.bitmap_index = 2118, .adv_w = 288, .box_w = 14, .box_h = 14, .ofs_x = 2, .ofs_y = 0},
    {.bitmap_index = 2143, .adv_w = 288, .box_w = 15, .box_h = 13, .ofs_x = 2, .ofs_y = 0},
    {.bitmap_index = 2168, .adv_w = 288, .box_w = 17, .box_h = 16, .ofs_x = 1, .ofs_y = -1},
    {.bitmap_index = 2202, .adv_w = 288, .box_w = 10, .box_h = 14, .ofs_x = 4, .ofs_y = 0},
    {.bitmap_index = 2220, .adv_w = 288, .box_w = 17, .box_h = 2, .ofs_x = 1, .ofs_y = 6},
    {.bitmap_index = 2225, .adv_w = 288, .box_w = 16, .box_h = 15, .ofs_x = 1, .ofs_y = 0},
    {.bitmap_index = 2255, .adv_w = 288, .box_w = 16, .box_h = 15, .ofs_x = 1, .ofs_y = -1},
    {.bitmap_index = 2285, .adv_w = 288, .box_w = 18, .box_h = 15, .ofs_x = 0, .ofs_y = -1},
    {.bitmap_index = 2319, .adv_w = 288, .box_w = 15, .box_h = 16, .ofs_x = 1, .ofs_y = -1},
    {.bitmap_index = 2349, .adv_w = 288, .box_w = 16, .box_h = 15, .ofs_x = 1, .ofs_y = -1},
    {.bitmap_index = 2379, .adv_w = 288, .box_w = 18, .box_h = 17, .ofs_x = 0, .ofs_y = -1},
    {.bitmap_index = 2418, .adv_w = 288, .box_w = 14, .box_h = 16, .ofs_x = 2, .ofs_y = -1},
    {.bitmap_index = 2446, .adv_w = 288, .box_w = 16, .box_h = 16, .ofs_x = 1, .ofs_y = -1},
    {.bitmap_index = 2478, .adv_w = 288, .box_w = 15, .box_h = 16, .ofs_x = 1, .ofs_y = -1},
    {.bitmap_index = 2508, .adv_w = 288, .box_w = 18, .box_h = 16, .ofs_x = 0, .ofs_y = -1},
    {.bitmap_index = 2544, .adv_w = 288, .box_w = 16, .box_h = 16, .ofs_x = 1, .ofs_y = -1},
    {.bitmap_index = 2576, .adv_w = 288, .box_w = 17, .box_h = 16, .ofs_x = 1, .ofs_y = -1},
    {.bitmap_index = 2610, .adv_w = 288, .box_w = 14, .box_h = 15, .ofs_x = 2, .ofs_y = -1},
    {.bitmap_index = 2637, .adv_w = 288, .box_w = 16, .box_h = 16, .ofs_x = 1, .ofs_y = -1},
    {.bitmap_index = 2669, .adv_w = 288, .box_w = 16, .box_h = 15, .ofs_x = 1, .ofs_y = -1},
    {.bitmap_index = 2699, .adv_w = 288, .box_w = 16, .box_h = 17, .ofs_x = 1, .ofs_y = -1},
    {.bitmap_index = 2733, .adv_w = 288, .box_w = 16, .box_h = 16, .ofs_x = 1, .ofs_y = -1},
    {.bitmap_index = 2765, .adv_w = 288, .box_w = 17, .box_h = 17, .ofs_x = 1, .ofs_y = -2},
    {.bitmap_index = 2802, .adv_w = 288, .box_w = 17, .box_h = 16, .ofs_x = 0, .ofs_y = -2},
    {.bitmap_index = 2836, .adv_w = 288, .box_w = 17, .box_h = 16, .ofs_x = 1, .ofs_y = -1},
    {.bitmap_index = 2870, .adv_w = 288, .box_w = 17, .box_h = 16, .ofs_x = 1, .ofs_y = -1},
    {.bitmap_index = 2904, .adv_w = 288, .box_w = 17, .box_h = 16, .ofs_x = 1, .ofs_y = -1},
    {.bitmap_index = 2938, .adv_w = 288, .box_w = 17, .box_h = 16, .ofs_x = 0, .ofs_y = -1},
    {.bitmap_index = 2972, .adv_w = 288, .box_w = 17, .box_h = 16, .ofs_x = 1, .ofs_y = -1},
    {.bitmap_index = 3006, .adv_w = 288, .box_w = 17, .box_h = 16, .ofs_x = 0, .ofs_y = -1},
    {.bitmap_index = 3040, .adv_w = 288, .box_w = 18, .box_h = 16, .ofs_x = 0, .ofs_y = -1},
    {.bitmap_index = 3076, .adv_w = 288, .box_w = 17, .box_h = 16, .ofs_x = 1, .ofs_y = -1},
    {.bitmap_index = 3110, .adv_w = 288, .box_w = 16, .box_h = 16, .ofs_x = 1, .ofs_y = -1},
    {.bitmap_index = 3142, .adv_w = 288, .box_w = 16, .box_h = 16, .ofs_x = 1, .ofs_y = -1},
    {.bitmap_index = 3174, .adv_w = 288, .box_w = 18, .box_h = 16, .ofs_x = 0, .ofs_y = -1},
    {.bitmap_index = 3210, .adv_w = 288, .box_w = 17, .box_h = 16, .ofs_x = 0, .ofs_y = -1},
    {.bitmap_index = 3244, .adv_w = 288, .box_w = 17, .box_h = 16, .ofs_x = 1, .ofs_y = -1},
    {.bitmap_index = 3278, .adv_w = 288, .box_w = 18, .box_h = 16, .ofs_x = 0, .ofs_y = -1},
    {.bitmap_index = 3314, .adv_w = 288, .box_w = 16, .box_h = 16, .ofs_x = 1, .ofs_y = -1},
    {.bitmap_index = 3346, .adv_w = 288, .box_w = 17, .box_h = 16, .ofs_x = 0, .ofs_y = -1},
    {.bitmap_index = 3380, .adv_w = 288, .box_w = 16, .box_h = 16, .ofs_x = 0, .ofs_y = -1},
    {.bitmap_index = 3412, .adv_w = 288, .box_w = 17, .box_h = 16, .ofs_x = 1, .ofs_y = -1},
    {.bitmap_index = 3446, .adv_w = 288, .box_w = 17, .box_h = 16, .ofs_x = 0, .ofs_y = -1},
    {.bitmap_index = 3480, .adv_w = 288, .box_w = 16, .box_h = 16, .ofs_x = 1, .ofs_y = -1},
    {.bitmap_index = 3512, .adv_w = 288, .box_w = 16, .box_h = 16, .ofs_x = 1, .ofs_y = -1},
    {.bitmap_index = 3544, .adv_w = 288, .box_w = 16, .box_h = 16, .ofs_x = 0, .ofs_y = -1},
    {.bitmap_index = 3576, .adv_w = 288, .box_w = 16, .box_h = 16, .ofs_x = 1, .ofs_y = -1},
    {.bitmap_index = 3608, .adv_w = 288, .box_w = 17, .box_h = 16, .ofs_x = 1, .ofs_y = -1},
    {.bitmap_index = 3642, .adv_w = 288, .box_w = 16, .box_h = 16, .ofs_x = 1, .ofs_y = -1},
    {.bitmap_index = 3674, .adv_w = 288, .box_w = 17, .box_h = 16, .ofs_x = 1, .ofs_y = -1},
    {.bitmap_index = 3708, .adv_w = 288, .box_w = 16, .box_h = 16, .ofs_x = 1, .ofs_y = -1},
    {.bitmap_index = 3740, .adv_w = 288, .box_w = 16, .box_h = 15, .ofs_x = 1, .ofs_y = -1},
    {.bitmap_index = 3770, .adv_w = 288, .box_w = 16, .box_h = 16, .ofs_x = 1, .ofs_y = -1},
    {.bitmap_index = 3802, .adv_w = 288, .box_w = 15, .box_h = 16, .ofs_x = 2, .ofs_y = -1},
    {.bitmap_index = 3832, .adv_w = 288, .box_w = 17, .box_h = 15, .ofs_x = 1, .ofs_y = -1},
    {.bitmap_index = 3864, .adv_w = 288, .box_w = 16, .box_h = 15, .ofs_x = 1, .ofs_y = -1},
    {.bitmap_index = 3894, .adv_w = 288, .box_w = 16, .box_h = 16, .ofs_x = 1, .ofs_y = -1},
    {.bitmap_index = 3926, .adv_w = 288, .box_w = 17, .box_h = 16, .ofs_x = 0, .ofs_y = -1},
    {.bitmap_index = 3960, .adv_w = 288, .box_w = 18, .box_h = 16, .ofs_x = 0, .ofs_y = -1},
    {.bitmap_index = 3996, .adv_w = 288, .box_w = 15, .box_h = 16, .ofs_x = 2, .ofs_y = -1},
    {.bitmap_index = 4026, .adv_w = 288, .box_w = 15, .box_h = 15, .ofs_x = 1, .ofs_y = -1},
    {.bitmap_index = 4055, .adv_w = 288, .box_w = 17, .box_h = 15, .ofs_x = 1, .ofs_y = -1},
    {.bitmap_index = 4087, .adv_w = 288, .box_w = 16, .box_h = 15, .ofs_x = 1, .ofs_y = -1},
    {.bitmap_index = 4117, .adv_w = 288, .box_w = 16, .box_h = 16, .ofs_x = 1, .ofs_y = -1},
    {.bitmap_index = 4149, .adv_w = 288, .box_w = 16, .box_h = 16, .ofs_x = 1, .ofs_y = -1},
    {.bitmap_index = 4181, .adv_w = 288, .box_w = 16, .box_h = 16, .ofs_x = 0, .ofs_y = -1},
    {.bitmap_index = 4213, .adv_w = 288, .box_w = 16, .box_h = 16, .ofs_x = 0, .ofs_y = -1},
    {.bitmap_index = 4245, .adv_w = 288, .box_w = 16, .box_h = 16, .ofs_x = 1, .ofs_y = -1},
    {.bitmap_index = 4277, .adv_w = 288, .box_w = 16, .box_h = 16, .ofs_x = 1, .ofs_y = -1},
    {.bitmap_index = 4309, .adv_w = 288, .box_w = 15, .box_h = 16, .ofs_x = 1, .ofs_y = -1},
    {.bitmap_index = 4339, .adv_w = 288, .box_w = 16, .box_h = 16, .ofs_x = 1, .ofs_y = -1},
    {.bitmap_index = 4371, .adv_w = 288, .box_w = 16, .box_h = 16, .ofs_x = 1, .ofs_y = -1},
    {.bitmap_index = 4403, .adv_w = 288, .box_w = 16, .box_h = 16, .ofs_x = 1, .ofs_y = -1},
    {.bitmap_index = 4435, .adv_w = 288, .box_w = 16, .box_h = 16, .ofs_x = 1, .ofs_y = -1},
    {.bitmap_index = 4467, .adv_w = 288, .box_w = 16, .box_h = 16, .ofs_x = 1, .ofs_y = -1},
    {.bitmap_index = 4499, .adv_w = 288, .box_w = 17, .box_h = 16, .ofs_x = 0, .ofs_y = -1},
    {.bitmap_index = 4533, .adv_w = 288, .box_w = 16, .box_h = 16, .ofs_x = 1, .ofs_y = -1},
    {.bitmap_index = 4565, .adv_w = 288, .box_w = 16, .box_h = 16, .ofs_x = 1, .ofs_y = -1},
    {.bitmap_index = 4597, .adv_w = 288, .box_w = 17, .box_h = 16, .ofs_x = 0, .ofs_y = -1},
    {.bitmap_index = 4631, .adv_w = 288, .box_w = 16, .box_h = 14, .ofs_x = 1, .ofs_y = 0},
    {.bitmap_index = 4659, .adv_w = 288, .box_w = 16, .box_h = 15, .ofs_x = 1, .ofs_y = -1},
    {.bitmap_index = 4689, .adv_w = 288, .box_w = 16, .box_h = 16, .ofs_x = 1, .ofs_y = -1},
    {.bitmap_index = 4721, .adv_w = 288, .box_w = 16, .box_h = 16, .ofs_x = 1, .ofs_y = -1},
    {.bitmap_index = 4753, .adv_w = 288, .box_w = 14, .box_h = 16, .ofs_x = 2, .ofs_y = -1},
    {.bitmap_index = 4781, .adv_w = 288, .box_w = 16, .box_h = 15, .ofs_x = 1, .ofs_y = -1},
    {.bitmap_index = 4811, .adv_w = 288, .box_w = 17, .box_h = 15, .ofs_x = 1, .ofs_y = -1},
    {.bitmap_index = 4843, .adv_w = 288, .box_w = 17, .box_h = 15, .ofs_x = 0, .ofs_y = -1},
    {.bitmap_index = 4875, .adv_w = 288, .box_w = 16, .box_h = 16, .ofs_x = 1, .ofs_y = -1},
    {.bitmap_index = 4907, .adv_w = 288, .box_w = 17, .box_h = 16, .ofs_x = 0, .ofs_y = -1},
    {.bitmap_index = 4941, .adv_w = 288, .box_w = 17, .box_h = 15, .ofs_x = 1, .ofs_y = -1},
    {.bitmap_index = 4973, .adv_w = 288, .box_w = 16, .box_h = 16, .ofs_x = 1, .ofs_y = -1},
    {.bitmap_index = 5005, .adv_w = 288, .box_w = 14, .box_h = 14, .ofs_x = 2, .ofs_y = -1},
    {.bitmap_index = 5030, .adv_w = 288, .box_w = 17, .box_h = 15, .ofs_x = 1, .ofs_y = -1},
    {.bitmap_index = 5062, .adv_w = 288, .box_w = 16, .box_h = 15, .ofs_x = 1, .ofs_y = -1},
    {.bitmap_index = 5092, .adv_w = 288, .box_w = 16, .box_h = 15, .ofs_x = 1, .ofs_y = -1},
    {.bitmap_index = 5122, .adv_w = 288, .box_w = 17, .box_h = 16, .ofs_x = 0, .ofs_y = -1},
    {.bitmap_index = 5156, .adv_w = 288, .box_w = 15, .box_h = 15, .ofs_x = 1, .ofs_y = -1},
    {.bitmap_index = 5185, .adv_w = 288, .box_w = 15, .box_h = 16, .ofs_x = 0, .ofs_y = -1},
    {.bitmap_index = 5215, .adv_w = 288, .box_w = 17, .box_h = 16, .ofs_x = 0, .ofs_y = -1},
    {.bitmap_index = 5249, .adv_w = 288, .box_w = 15, .box_h = 16, .ofs_x = 0, .ofs_y = -1},
    {.bitmap_index = 5279, .adv_w = 288, .box_w = 16, .box_h = 16, .ofs_x = 1, .ofs_y = -1},
    {.bitmap_index = 5311, .adv_w = 288, .box_w = 16, .box_h = 15, .ofs_x = 0, .ofs_y = -1},
    {.bitmap_index = 5341, .adv_w = 288, .box_w = 16, .box_h = 16, .ofs_x = 1, .ofs_y = -1},
    {.bitmap_index = 5373, .adv_w = 288, .box_w = 16, .box_h = 16, .ofs_x = 1, .ofs_y = -1},
    {.bitmap_index = 5405, .adv_w = 288, .box_w = 16, .box_h = 15, .ofs_x = 1, .ofs_y = -1},
    {.bitmap_index = 5435, .adv_w = 288, .box_w = 15, .box_h = 15, .ofs_x = 1, .ofs_y = -1},
    {.bitmap_index = 5464, .adv_w = 288, .box_w = 16, .box_h = 15, .ofs_x = 1, .ofs_y = -1},
    {.bitmap_index = 5494, .adv_w = 288, .box_w = 16, .box_h = 15, .ofs_x = 1, .ofs_y = -1},
    {.bitmap_index = 5524, .adv_w = 288, .box_w = 16, .box_h = 15, .ofs_x = 1, .ofs_y = -1},
    {.bitmap_index = 5554, .adv_w = 288, .box_w = 16, .box_h = 16, .ofs_x = 1, .ofs_y = -1},
    {.bitmap_index = 5586, .adv_w = 288, .box_w = 16, .box_h = 16, .ofs_x = 1, .ofs_y = -1},
    {.bitmap_index = 5618, .adv_w = 288, .box_w = 17, .box_h = 16, .ofs_x = 1, .ofs_y = -1},
    {.bitmap_index = 5652, .adv_w = 288, .box_w = 16, .box_h = 16, .ofs_x = 1, .ofs_y = -1},
    {.bitmap_index = 5684, .adv_w = 288, .box_w = 17, .box_h = 16, .ofs_x = 0, .ofs_y = -1},
    {.bitmap_index = 5718, .adv_w = 288, .box_w = 17, .box_h = 17, .ofs_x = 1, .ofs_y = -2},
    {.bitmap_index = 5755, .adv_w = 288, .box_w = 17, .box_h = 16, .ofs_x = 1, .ofs_y = -1},
    {.bitmap_index = 5789, .adv_w = 288, .box_w = 17, .box_h = 16, .ofs_x = 1, .ofs_y = -1},
    {.bitmap_index = 5823, .adv_w = 288, .box_w = 17, .box_h = 16, .ofs_x = 1, .ofs_y = -1},
    {.bitmap_index = 5857, .adv_w = 288, .box_w = 16, .box_h = 16, .ofs_x = 1, .ofs_y = -1},
    {.bitmap_index = 5889, .adv_w = 288, .box_w = 17, .box_h = 16, .ofs_x = 1, .ofs_y = -1},
    {.bitmap_index = 5923, .adv_w = 288, .box_w = 16, .box_h = 17, .ofs_x = 1, .ofs_y = -2},
    {.bitmap_index = 5957, .adv_w = 288, .box_w = 18, .box_h = 15, .ofs_x = 0, .ofs_y = -1},
    {.bitmap_index = 5991, .adv_w = 288, .box_w = 16, .box_h = 16, .ofs_x = 1, .ofs_y = -1},
    {.bitmap_index = 6023, .adv_w = 288, .box_w = 16, .box_h = 16, .ofs_x = 1, .ofs_y = -1},
    {.bitmap_index = 6055, .adv_w = 288, .box_w = 18, .box_h = 17, .ofs_x = 0, .ofs_y = -2},
    {.bitmap_index = 6094, .adv_w = 288, .box_w = 17, .box_h = 16, .ofs_x = 1, .ofs_y = -1},
    {.bitmap_index = 6128, .adv_w = 288, .box_w = 16, .box_h = 16, .ofs_x = 1, .ofs_y = -1},
    {.bitmap_index = 6160, .adv_w = 288, .box_w = 17, .box_h = 16, .ofs_x = 0, .ofs_y = -1},
    {.bitmap_index = 6194, .adv_w = 288, .box_w = 15, .box_h = 16, .ofs_x = 1, .ofs_y = -1},
    {.bitmap_index = 6224, .adv_w = 288, .box_w = 16, .box_h = 16, .ofs_x = 1, .ofs_y = -1},
    {.bitmap_index = 6256, .adv_w = 288, .box_w = 16, .box_h = 16, .ofs_x = 1, .ofs_y = -1},
    {.bitmap_index = 6288, .adv_w = 288, .box_w = 18, .box_h = 16, .ofs_x = 0, .ofs_y = -1},
    {.bitmap_index = 6324, .adv_w = 288, .box_w = 16, .box_h = 16, .ofs_x = 1, .ofs_y = -1},
    {.bitmap_index = 6356, .adv_w = 288, .box_w = 17, .box_h = 16, .ofs_x = 0, .ofs_y = -1},
    {.bitmap_index = 6390, .adv_w = 288, .box_w = 16, .box_h = 16, .ofs_x = 1, .ofs_y = -1},
    {.bitmap_index = 6422, .adv_w = 288, .box_w = 17, .box_h = 16, .ofs_x = 0, .ofs_y = -1},
    {.bitmap_index = 6456, .adv_w = 288, .box_w = 17, .box_h = 16, .ofs_x = 1, .ofs_y = -1},
    {.bitmap_index = 6490, .adv_w = 288, .box_w = 18, .box_h = 16, .ofs_x = 0, .ofs_y = -1},
    {.bitmap_index = 6526, .adv_w = 288, .box_w = 14, .box_h = 16, .ofs_x = 2, .ofs_y = -1},
    {.bitmap_index = 6554, .adv_w = 288, .box_w = 16, .box_h = 16, .ofs_x = 1, .ofs_y = -1},
    {.bitmap_index = 6586, .adv_w = 288, .box_w = 17, .box_h = 16, .ofs_x = 0, .ofs_y = -2},
    {.bitmap_index = 6620, .adv_w = 288, .box_w = 17, .box_h = 15, .ofs_x = 0, .ofs_y = -1},
    {.bitmap_index = 6652, .adv_w = 288, .box_w = 17, .box_h = 15, .ofs_x = 0, .ofs_y = -1},
    {.bitmap_index = 6684, .adv_w = 288, .box_w = 16, .box_h = 15, .ofs_x = 1, .ofs_y = -1},
    {.bitmap_index = 6714, .adv_w = 288, .box_w = 14, .box_h = 16, .ofs_x = 2, .ofs_y = -1},
    {.bitmap_index = 6742, .adv_w = 288, .box_w = 16, .box_h = 16, .ofs_x = 1, .ofs_y = -1},
    {.bitmap_index = 6774, .adv_w = 288, .box_w = 16, .box_h = 16, .ofs_x = 1, .ofs_y = -1},
    {.bitmap_index = 6806, .adv_w = 288, .box_w = 16, .box_h = 16, .ofs_x = 1, .ofs_y = -1},
    {.bitmap_index = 6838, .adv_w = 288, .box_w = 16, .box_h = 15, .ofs_x = 1, .ofs_y = -1},
    {.bitmap_index = 6868, .adv_w = 288, .box_w = 16, .box_h = 16, .ofs_x = 1, .ofs_y = -1},
    {.bitmap_index = 6900, .adv_w = 288, .box_w = 17, .box_h = 17, .ofs_x = 0, .ofs_y = -2},
    {.bitmap_index = 6937, .adv_w = 288, .box_w = 18, .box_h = 16, .ofs_x = 0, .ofs_y = -1},
    {.bitmap_index = 6973, .adv_w = 288, .box_w = 18, .box_h = 16, .ofs_x = 0, .ofs_y = -1},
    {.bitmap_index = 7009, .adv_w = 288, .box_w = 16, .box_h = 16, .ofs_x = 1, .ofs_y = -1},
    {.bitmap_index = 7041, .adv_w = 288, .box_w = 18, .box_h = 17, .ofs_x = 0, .ofs_y = -2},
    {.bitmap_index = 7080, .adv_w = 288, .box_w = 17, .box_h = 16, .ofs_x = 0, .ofs_y = -1},
    {.bitmap_index = 7114, .adv_w = 288, .box_w = 17, .box_h = 16, .ofs_x = 1, .ofs_y = -1},
    {.bitmap_index = 7148, .adv_w = 288, .box_w = 16, .box_h = 15, .ofs_x = 1, .ofs_y = -1},
    {.bitmap_index = 7178, .adv_w = 288, .box_w = 16, .box_h = 15, .ofs_x = 1, .ofs_y = -1},
    {.bitmap_index = 7208, .adv_w = 288, .box_w = 16, .box_h = 16, .ofs_x = 1, .ofs_y = -1},
    {.bitmap_index = 7240, .adv_w = 288, .box_w = 15, .box_h = 16, .ofs_x = 1, .ofs_y = -1},
    {.bitmap_index = 7270, .adv_w = 288, .box_w = 16, .box_h = 17, .ofs_x = 2, .ofs_y = -2},
    {.bitmap_index = 7304, .adv_w = 288, .box_w = 14, .box_h = 16, .ofs_x = 2, .ofs_y = -1},
    {.bitmap_index = 7332, .adv_w = 288, .box_w = 16, .box_h = 15, .ofs_x = 1, .ofs_y = -1},
    {.bitmap_index = 7362, .adv_w = 288, .box_w = 18, .box_h = 16, .ofs_x = 0, .ofs_y = -1},
    {.bitmap_index = 7398, .adv_w = 288, .box_w = 17, .box_h = 16, .ofs_x = 0, .ofs_y = -1},
    {.bitmap_index = 7432, .adv_w = 288, .box_w = 18, .box_h = 16, .ofs_x = 0, .ofs_y = -1},
    {.bitmap_index = 7468, .adv_w = 288, .box_w = 17, .box_h = 15, .ofs_x = 0, .ofs_y = -1},
    {.bitmap_index = 7500, .adv_w = 288, .box_w = 17, .box_h = 16, .ofs_x = 0, .ofs_y = -1},
    {.bitmap_index = 7534, .adv_w = 288, .box_w = 17, .box_h = 16, .ofs_x = 0, .ofs_y = -1},
    {.bitmap_index = 7568, .adv_w = 288, .box_w = 17, .box_h = 16, .ofs_x = 1, .ofs_y = -1},
    {.bitmap_index = 7602, .adv_w = 288, .box_w = 17, .box_h = 16, .ofs_x = 0, .ofs_y = -1},
    {.bitmap_index = 7636, .adv_w = 288, .box_w = 16, .box_h = 16, .ofs_x = 1, .ofs_y = -1},
    {.bitmap_index = 7668, .adv_w = 288, .box_w = 17, .box_h = 16, .ofs_x = 0, .ofs_y = -1},
    {.bitmap_index = 7702, .adv_w = 288, .box_w = 16, .box_h = 16, .ofs_x = 1, .ofs_y = -1},
    {.bitmap_index = 7734, .adv_w = 288, .box_w = 16, .box_h = 16, .ofs_x = 1, .ofs_y = -1},
    {.bitmap_index = 7766, .adv_w = 288, .box_w = 17, .box_h = 16, .ofs_x = 0, .ofs_y = -1},
    {.bitmap_index = 7800, .adv_w = 288, .box_w = 17, .box_h = 16, .ofs_x = 1, .ofs_y = -1},
    {.bitmap_index = 7834, .adv_w = 288, .box_w = 16, .box_h = 16, .ofs_x = 1, .ofs_y = -1},
    {.bitmap_index = 7866, .adv_w = 288, .box_w = 16, .box_h = 17, .ofs_x = 1, .ofs_y = -2},
    {.bitmap_index = 7900, .adv_w = 288, .box_w = 17, .box_h = 16, .ofs_x = 1, .ofs_y = -1},
    {.bitmap_index = 7934, .adv_w = 288, .box_w = 17, .box_h = 16, .ofs_x = 1, .ofs_y = -1},
    {.bitmap_index = 7968, .adv_w = 288, .box_w = 17, .box_h = 16, .ofs_x = 1, .ofs_y = -1},
    {.bitmap_index = 8002, .adv_w = 288, .box_w = 16, .box_h = 16, .ofs_x = 1, .ofs_y = -1},
    {.bitmap_index = 8034, .adv_w = 288, .box_w = 17, .box_h = 16, .ofs_x = 1, .ofs_y = -1},
    {.bitmap_index = 8068, .adv_w = 288, .box_w = 17, .box_h = 16, .ofs_x = 0, .ofs_y = -1},
    {.bitmap_index = 8102, .adv_w = 288, .box_w = 17, .box_h = 16, .ofs_x = 1, .ofs_y = -1},
    {.bitmap_index = 8136, .adv_w = 288, .box_w = 17, .box_h = 16, .ofs_x = 1, .ofs_y = -1},
    {.bitmap_index = 8170, .adv_w = 288, .box_w = 17, .box_h = 16, .ofs_x = 1, .ofs_y = -1},
    {.bitmap_index = 8204, .adv_w = 288, .box_w = 16, .box_h = 16, .ofs_x = 1, .ofs_y = -1},
    {.bitmap_index = 8236, .adv_w = 288, .box_w = 16, .box_h = 16, .ofs_x = 1, .ofs_y = -1},
    {.bitmap_index = 8268, .adv_w = 288, .box_w = 16, .box_h = 16, .ofs_x = 1, .ofs_y = -1},
    {.bitmap_index = 8300, .adv_w = 288, .box_w = 16, .box_h = 16, .ofs_x = 1, .ofs_y = -1},
    {.bitmap_index = 8332, .adv_w = 288, .box_w = 17, .box_h = 16, .ofs_x = 1, .ofs_y = -1},
    {.bitmap_index = 8366, .adv_w = 288, .box_w = 17, .box_h = 16, .ofs_x = 1, .ofs_y = -1},
    {.bitmap_index = 8400, .adv_w = 288, .box_w = 18, .box_h = 16, .ofs_x = 1, .ofs_y = -1},
    {.bitmap_index = 8436, .adv_w = 288, .box_w = 17, .box_h = 16, .ofs_x = 1, .ofs_y = -1},
    {.bitmap_index = 8470, .adv_w = 288, .box_w = 16, .box_h = 16, .ofs_x = 1, .ofs_y = -1},
    {.bitmap_index = 8502, .adv_w = 288, .box_w = 17, .box_h = 16, .ofs_x = 0, .ofs_y = -1},
    {.bitmap_index = 8536, .adv_w = 288, .box_w = 17, .box_h = 16, .ofs_x = 1, .ofs_y = -1},
    {.bitmap_index = 8570, .adv_w = 288, .box_w = 17, .box_h = 16, .ofs_x = 1, .ofs_y = -1},
    {.bitmap_index = 8604, .adv_w = 288, .box_w = 17, .box_h = 16, .ofs_x = 1, .ofs_y = -1},
    {.bitmap_index = 8638, .adv_w = 288, .box_w = 16, .box_h = 16, .ofs_x = 1, .ofs_y = -1},
    {.bitmap_index = 8670, .adv_w = 288, .box_w = 16, .box_h = 16, .ofs_x = 1, .ofs_y = -1},
    {.bitmap_index = 8702, .adv_w = 288, .box_w = 16, .box_h = 16, .ofs_x = 2, .ofs_y = -1},
    {.bitmap_index = 8734, .adv_w = 288, .box_w = 16, .box_h = 16, .ofs_x = 1, .ofs_y = -1},
    {.bitmap_index = 8766, .adv_w = 288, .box_w = 16, .box_h = 16, .ofs_x = 1, .ofs_y = -1},
    {.bitmap_index = 8798, .adv_w = 288, .box_w = 16, .box_h = 15, .ofs_x = 1, .ofs_y = -1},
    {.bitmap_index = 8828, .adv_w = 288, .box_w = 16, .box_h = 16, .ofs_x = 1, .ofs_y = -1},
    {.bitmap_index = 8860, .adv_w = 288, .box_w = 16, .box_h = 15, .ofs_x = 1, .ofs_y = -1},
    {.bitmap_index = 8890, .adv_w = 288, .box_w = 17, .box_h = 15, .ofs_x = 0, .ofs_y = -1},
    {.bitmap_index = 8922, .adv_w = 288, .box_w = 17, .box_h = 14, .ofs_x = 0, .ofs_y = 0},
    {.bitmap_index = 8952, .adv_w = 288, .box_w = 16, .box_h = 15, .ofs_x = 1, .ofs_y = -1},
    {.bitmap_index = 8982, .adv_w = 288, .box_w = 15, .box_h = 16, .ofs_x = 1, .ofs_y = -1},
    {.bitmap_index = 9012, .adv_w = 288, .box_w = 17, .box_h = 16, .ofs_x = 1, .ofs_y = -1},
    {.bitmap_index = 9046, .adv_w = 288, .box_w = 16, .box_h = 15, .ofs_x = 1, .ofs_y = -1},
    {.bitmap_index = 9076, .adv_w = 288, .box_w = 17, .box_h = 15, .ofs_x = 1, .ofs_y = -1},
    {.bitmap_index = 9108, .adv_w = 288, .box_w = 16, .box_h = 16, .ofs_x = 1, .ofs_y = -1},
    {.bitmap_index = 9140, .adv_w = 288, .box_w = 16, .box_h = 16, .ofs_x = 1, .ofs_y = -1},
    {.bitmap_index = 9172, .adv_w = 288, .box_w = 17, .box_h = 16, .ofs_x = 0, .ofs_y = -1},
    {.bitmap_index = 9206, .adv_w = 288, .box_w = 18, .box_h = 16, .ofs_x = 0, .ofs_y = -1},
    {.bitmap_index = 9242, .adv_w = 288, .box_w = 17, .box_h = 16, .ofs_x = 1, .ofs_y = -1},
    {.bitmap_index = 9276, .adv_w = 288, .box_w = 16, .box_h = 16, .ofs_x = 1, .ofs_y = -1},
    {.bitmap_index = 9308, .adv_w = 288, .box_w = 17, .box_h = 16, .ofs_x = 1, .ofs_y = -1},
    {.bitmap_index = 9342, .adv_w = 288, .box_w = 16, .box_h = 16, .ofs_x = 1, .ofs_y = -1},
    {.bitmap_index = 9374, .adv_w = 288, .box_w = 17, .box_h = 16, .ofs_x = 0, .ofs_y = -1},
    {.bitmap_index = 9408, .adv_w = 288, .box_w = 16, .box_h = 16, .ofs_x = 1, .ofs_y = -1},
    {.bitmap_index = 9440, .adv_w = 288, .box_w = 17, .box_h = 15, .ofs_x = 1, .ofs_y = -1},
    {.bitmap_index = 9472, .adv_w = 288, .box_w = 18, .box_h = 16, .ofs_x = 0, .ofs_y = -1},
    {.bitmap_index = 9508, .adv_w = 288, .box_w = 17, .box_h = 16, .ofs_x = 0, .ofs_y = -1},
    {.bitmap_index = 9542, .adv_w = 288, .box_w = 17, .box_h = 16, .ofs_x = 0, .ofs_y = -1},
    {.bitmap_index = 9576, .adv_w = 288, .box_w = 17, .box_h = 16, .ofs_x = 0, .ofs_y = -1},
    {.bitmap_index = 9610, .adv_w = 288, .box_w = 17, .box_h = 16, .ofs_x = 0, .ofs_y = -1},
    {.bitmap_index = 9644, .adv_w = 288, .box_w = 16, .box_h = 16, .ofs_x = 1, .ofs_y = -1},
    {.bitmap_index = 9676, .adv_w = 288, .box_w = 16, .box_h = 16, .ofs_x = 1, .ofs_y = -1},
    {.bitmap_index = 9708, .adv_w = 288, .box_w = 16, .box_h = 16, .ofs_x = 1, .ofs_y = -1},
    {.bitmap_index = 9740, .adv_w = 288, .box_w = 18, .box_h = 16, .ofs_x = 0, .ofs_y = -1},
    {.bitmap_index = 9776, .adv_w = 288, .box_w = 17, .box_h = 16, .ofs_x = 1, .ofs_y = -1},
    {.bitmap_index = 9810, .adv_w = 288, .box_w = 16, .box_h = 15, .ofs_x = 1, .ofs_y = 0},
    {.bitmap_index = 9840, .adv_w = 288, .box_w = 16, .box_h = 14, .ofs_x = 1, .ofs_y = 0},
    {.bitmap_index = 9868, .adv_w = 288, .box_w = 17, .box_h = 16, .ofs_x = 1, .ofs_y = -1},
    {.bitmap_index = 9902, .adv_w = 288, .box_w = 16, .box_h = 16, .ofs_x = 1, .ofs_y = -1},
    {.bitmap_index = 9934, .adv_w = 288, .box_w = 18, .box_h = 16, .ofs_x = 0, .ofs_y = -1},
    {.bitmap_index = 9970, .adv_w = 288, .box_w = 17, .box_h = 16, .ofs_x = 1, .ofs_y = -1},
    {.bitmap_index = 10004, .adv_w = 288, .box_w = 17, .box_h = 15, .ofs_x = 1, .ofs_y = -1},
    {.bitmap_index = 10036, .adv_w = 288, .box_w = 16, .box_h = 17, .ofs_x = 1, .ofs_y = -2},
    {.bitmap_index = 10070, .adv_w = 288, .box_w = 17, .box_h = 16, .ofs_x = 0, .ofs_y = -1},
    {.bitmap_index = 10104, .adv_w = 288, .box_w = 16, .box_h = 16, .ofs_x = 1, .ofs_y = -1},
    {.bitmap_index = 10136, .adv_w = 288, .box_w = 16, .box_h = 16, .ofs_x = 1, .ofs_y = -1},
    {.bitmap_index = 10168, .adv_w = 288, .box_w = 17, .box_h = 16, .ofs_x = 0, .ofs_y = -1},
    {.bitmap_index = 10202, .adv_w = 288, .box_w = 16, .box_h = 16, .ofs_x = 1, .ofs_y = -1},
    {.bitmap_index = 10234, .adv_w = 288, .box_w = 16, .box_h = 17, .ofs_x = 1, .ofs_y = -2},
    {.bitmap_index = 10268, .adv_w = 288, .box_w = 17, .box_h = 16, .ofs_x = 0, .ofs_y = -1},
    {.bitmap_index = 10302, .adv_w = 288, .box_w = 17, .box_h = 16, .ofs_x = 0, .ofs_y = -1},
    {.bitmap_index = 10336, .adv_w = 288, .box_w = 18, .box_h = 16, .ofs_x = 0, .ofs_y = -1},
    {.bitmap_index = 10372, .adv_w = 288, .box_w = 17, .box_h = 15, .ofs_x = 1, .ofs_y = -1},
    {.bitmap_index = 10404, .adv_w = 288, .box_w = 16, .box_h = 16, .ofs_x = 1, .ofs_y = -1},
    {.bitmap_index = 10436, .adv_w = 288, .box_w = 16, .box_h = 15, .ofs_x = 0, .ofs_y = -1},
    {.bitmap_index = 10466, .adv_w = 288, .box_w = 14, .box_h = 16, .ofs_x = 2, .ofs_y = -1},
    {.bitmap_index = 10494, .adv_w = 288, .box_w = 16, .box_h = 16, .ofs_x = 2, .ofs_y = -1},
    {.bitmap_index = 10526, .adv_w = 288, .box_w = 16, .box_h = 16, .ofs_x = 1, .ofs_y = -1},
    {.bitmap_index = 10558, .adv_w = 288, .box_w = 16, .box_h = 15, .ofs_x = 1, .ofs_y = -1},
    {.bitmap_index = 10588, .adv_w = 288, .box_w = 16, .box_h = 16, .ofs_x = 1, .ofs_y = -1},
    {.bitmap_index = 10620, .adv_w = 288, .box_w = 17, .box_h = 16, .ofs_x = 0, .ofs_y = -1},
    {.bitmap_index = 10654, .adv_w = 288, .box_w = 16, .box_h = 15, .ofs_x = 1, .ofs_y = -1},
    {.bitmap_index = 10684, .adv_w = 288, .box_w = 16, .box_h = 16, .ofs_x = 1, .ofs_y = -1},
    {.bitmap_index = 10716, .adv_w = 288, .box_w = 16, .box_h = 16, .ofs_x = 0, .ofs_y = -1},
    {.bitmap_index = 10748, .adv_w = 288, .box_w = 17, .box_h = 16, .ofs_x = 1, .ofs_y = -1},
    {.bitmap_index = 10782, .adv_w = 288, .box_w = 16, .box_h = 15, .ofs_x = 1, .ofs_y = -1},
    {.bitmap_index = 10812, .adv_w = 288, .box_w = 16, .box_h = 16, .ofs_x = 1, .ofs_y = -1},
    {.bitmap_index = 10844, .adv_w = 288, .box_w = 17, .box_h = 15, .ofs_x = 0, .ofs_y = -1},
    {.bitmap_index = 10876, .adv_w = 288, .box_w = 17, .box_h = 16, .ofs_x = 1, .ofs_y = -1},
    {.bitmap_index = 10910, .adv_w = 288, .box_w = 16, .box_h = 16, .ofs_x = 1, .ofs_y = -1},
    {.bitmap_index = 10942, .adv_w = 288, .box_w = 16, .box_h = 16, .ofs_x = 1, .ofs_y = -1},
    {.bitmap_index = 10974, .adv_w = 288, .box_w = 17, .box_h = 16, .ofs_x = 1, .ofs_y = -1},
    {.bitmap_index = 11008, .adv_w = 288, .box_w = 16, .box_h = 16, .ofs_x = 1, .ofs_y = -1},
    {.bitmap_index = 11040, .adv_w = 288, .box_w = 16, .box_h = 15, .ofs_x = 1, .ofs_y = 0},
    {.bitmap_index = 11070, .adv_w = 288, .box_w = 17, .box_h = 16, .ofs_x = 0, .ofs_y = -1},
    {.bitmap_index = 11104, .adv_w = 288, .box_w = 17, .box_h = 17, .ofs_x = 1, .ofs_y = -1},
    {.bitmap_index = 11141, .adv_w = 288, .box_w = 16, .box_h = 17, .ofs_x = 1, .ofs_y = -1},
    {.bitmap_index = 11175, .adv_w = 288, .box_w = 17, .box_h = 16, .ofs_x = 0, .ofs_y = -1},
    {.bitmap_index = 11209, .adv_w = 288, .box_w = 16, .box_h = 17, .ofs_x = 1, .ofs_y = -1},
    {.bitmap_index = 11243, .adv_w = 288, .box_w = 16, .box_h = 16, .ofs_x = 1, .ofs_y = -1},
    {.bitmap_index = 11275, .adv_w = 288, .box_w = 17, .box_h = 16, .ofs_x = 1, .ofs_y = -1},
    {.bitmap_index = 11309, .adv_w = 288, .box_w = 17, .box_h = 15, .ofs_x = 0, .ofs_y = 0},
    {.bitmap_index = 11341, .adv_w = 288, .box_w = 18, .box_h = 16, .ofs_x = 0, .ofs_y = -1},
    {.bitmap_index = 11377, .adv_w = 288, .box_w = 17, .box_h = 16, .ofs_x = 0, .ofs_y = -1},
    {.bitmap_index = 11411, .adv_w = 288, .box_w = 17, .box_h = 16, .ofs_x = 0, .ofs_y = -1},
    {.bitmap_index = 11445, .adv_w = 288, .box_w = 17, .box_h = 16, .ofs_x = 1, .ofs_y = -1},
    {.bitmap_index = 11479, .adv_w = 288, .box_w = 17, .box_h = 16, .ofs_x = 0, .ofs_y = -1},
    {.bitmap_index = 11513, .adv_w = 288, .box_w = 17, .box_h = 16, .ofs_x = 0, .ofs_y = -1},
    {.bitmap_index = 11547, .adv_w = 288, .box_w = 17, .box_h = 16, .ofs_x = 1, .ofs_y = -1},
    {.bitmap_index = 11581, .adv_w = 288, .box_w = 17, .box_h = 15, .ofs_x = 0, .ofs_y = 0},
    {.bitmap_index = 11613, .adv_w = 288, .box_w = 16, .box_h = 17, .ofs_x = 1, .ofs_y = -2},
    {.bitmap_index = 11647, .adv_w = 288, .box_w = 17, .box_h = 17, .ofs_x = 0, .ofs_y = -2},
    {.bitmap_index = 11684, .adv_w = 288, .box_w = 17, .box_h = 16, .ofs_x = 0, .ofs_y = -1},
    {.bitmap_index = 11718, .adv_w = 288, .box_w = 15, .box_h = 15, .ofs_x = 1, .ofs_y = -1},
    {.bitmap_index = 11747, .adv_w = 288, .box_w = 16, .box_h = 15, .ofs_x = 1, .ofs_y = -1},
    {.bitmap_index = 11777, .adv_w = 288, .box_w = 16, .box_h = 16, .ofs_x = 1, .ofs_y = -1},
    {.bitmap_index = 11809, .adv_w = 288, .box_w = 16, .box_h = 16, .ofs_x = 1, .ofs_y = -1},
    {.bitmap_index = 11841, .adv_w = 288, .box_w = 16, .box_h = 15, .ofs_x = 1, .ofs_y = -1},
    {.bitmap_index = 11871, .adv_w = 288, .box_w = 16, .box_h = 16, .ofs_x = 1, .ofs_y = -1},
    {.bitmap_index = 11903, .adv_w = 288, .box_w = 17, .box_h = 16, .ofs_x = 1, .ofs_y = -1},
    {.bitmap_index = 11937, .adv_w = 288, .box_w = 16, .box_h = 16, .ofs_x = 1, .ofs_y = -1},
    {.bitmap_index = 11969, .adv_w = 288, .box_w = 17, .box_h = 16, .ofs_x = 1, .ofs_y = -1},
    {.bitmap_index = 12003, .adv_w = 288, .box_w = 13, .box_h = 15, .ofs_x = 3, .ofs_y = -1},
    {.bitmap_index = 12028, .adv_w = 288, .box_w = 16, .box_h = 16, .ofs_x = 1, .ofs_y = -1},
    {.bitmap_index = 12060, .adv_w = 288, .box_w = 16, .box_h = 16, .ofs_x = 1, .ofs_y = -1},
    {.bitmap_index = 12092, .adv_w = 288, .box_w = 17, .box_h = 16, .ofs_x = 0, .ofs_y = -1},
    {.bitmap_index = 12126, .adv_w = 288, .box_w = 17, .box_h = 16, .ofs_x = 0, .ofs_y = -1},
    {.bitmap_index = 12160, .adv_w = 288, .box_w = 16, .box_h = 16, .ofs_x = 1, .ofs_y = -1},
    {.bitmap_index = 12192, .adv_w = 288, .box_w = 16, .box_h = 16, .ofs_x = 1, .ofs_y = -1},
    {.bitmap_index = 12224, .adv_w = 288, .box_w = 17, .box_h = 16, .ofs_x = 0, .ofs_y = -1},
    {.bitmap_index = 12258, .adv_w = 288, .box_w = 17, .box_h = 16, .ofs_x = 0, .ofs_y = -1},
    {.bitmap_index = 12292, .adv_w = 288, .box_w = 18, .box_h = 16, .ofs_x = 0, .ofs_y = -1},
    {.bitmap_index = 12328, .adv_w = 288, .box_w = 16, .box_h = 16, .ofs_x = 1, .ofs_y = -2},
    {.bitmap_index = 12360, .adv_w = 288, .box_w = 16, .box_h = 15, .ofs_x = 1, .ofs_y = -1},
    {.bitmap_index = 12390, .adv_w = 288, .box_w = 17, .box_h = 16, .ofs_x = 1, .ofs_y = -1},
    {.bitmap_index = 12424, .adv_w = 288, .box_w = 16, .box_h = 16, .ofs_x = 1, .ofs_y = -1},
    {.bitmap_index = 12456, .adv_w = 288, .box_w = 17, .box_h = 16, .ofs_x = 0, .ofs_y = -1},
    {.bitmap_index = 12490, .adv_w = 288, .box_w = 17, .box_h = 16, .ofs_x = 0, .ofs_y = -1},
    {.bitmap_index = 12524, .adv_w = 288, .box_w = 17, .box_h = 16, .ofs_x = 0, .ofs_y = -1},
    {.bitmap_index = 12558, .adv_w = 288, .box_w = 17, .box_h = 15, .ofs_x = 1, .ofs_y = -1},
    {.bitmap_index = 12590, .adv_w = 288, .box_w = 16, .box_h = 16, .ofs_x = 1, .ofs_y = -1},
    {.bitmap_index = 12622, .adv_w = 288, .box_w = 16, .box_h = 16, .ofs_x = 1, .ofs_y = -1},
    {.bitmap_index = 12654, .adv_w = 288, .box_w = 17, .box_h = 16, .ofs_x = 0, .ofs_y = -1},
    {.bitmap_index = 12688, .adv_w = 288, .box_w = 16, .box_h = 16, .ofs_x = 1, .ofs_y = -2},
    {.bitmap_index = 12720, .adv_w = 288, .box_w = 16, .box_h = 16, .ofs_x = 1, .ofs_y = -1},
    {.bitmap_index = 12752, .adv_w = 288, .box_w = 16, .box_h = 17, .ofs_x = 1, .ofs_y = -2},
    {.bitmap_index = 12786, .adv_w = 288, .box_w = 16, .box_h = 15, .ofs_x = 1, .ofs_y = -1},
    {.bitmap_index = 12816, .adv_w = 288, .box_w = 17, .box_h = 16, .ofs_x = 1, .ofs_y = -1},
    {.bitmap_index = 12850, .adv_w = 288, .box_w = 16, .box_h = 16, .ofs_x = 1, .ofs_y = -1},
    {.bitmap_index = 12882, .adv_w = 288, .box_w = 17, .box_h = 16, .ofs_x = 0, .ofs_y = -1},
    {.bitmap_index = 12916, .adv_w = 288, .box_w = 17, .box_h = 16, .ofs_x = 1, .ofs_y = -1},
    {.bitmap_index = 12950, .adv_w = 288, .box_w = 16, .box_h = 15, .ofs_x = 1, .ofs_y = -1},
    {.bitmap_index = 12980, .adv_w = 288, .box_w = 17, .box_h = 16, .ofs_x = 1, .ofs_y = -1},
    {.bitmap_index = 13014, .adv_w = 288, .box_w = 17, .box_h = 16, .ofs_x = 0, .ofs_y = -1},
    {.bitmap_index = 13048, .adv_w = 288, .box_w = 17, .box_h = 16, .ofs_x = 1, .ofs_y = -1},
    {.bitmap_index = 13082, .adv_w = 288, .box_w = 17, .box_h = 16, .ofs_x = 1, .ofs_y = -1},
    {.bitmap_index = 13116, .adv_w = 288, .box_w = 16, .box_h = 16, .ofs_x = 1, .ofs_y = -1},
    {.bitmap_index = 13148, .adv_w = 288, .box_w = 17, .box_h = 16, .ofs_x = 0, .ofs_y = -1},
    {.bitmap_index = 13182, .adv_w = 288, .box_w = 17, .box_h = 15, .ofs_x = 1, .ofs_y = -1},
    {.bitmap_index = 13214, .adv_w = 288, .box_w = 17, .box_h = 16, .ofs_x = 0, .ofs_y = -1},
    {.bitmap_index = 13248, .adv_w = 288, .box_w = 18, .box_h = 16, .ofs_x = 0, .ofs_y = -1},
    {.bitmap_index = 13284, .adv_w = 288, .box_w = 18, .box_h = 16, .ofs_x = 0, .ofs_y = -1},
    {.bitmap_index = 13320, .adv_w = 288, .box_w = 18, .box_h = 16, .ofs_x = 0, .ofs_y = -1},
    {.bitmap_index = 13356, .adv_w = 288, .box_w = 18, .box_h = 15, .ofs_x = 0, .ofs_y = -1},
    {.bitmap_index = 13390, .adv_w = 288, .box_w = 18, .box_h = 16, .ofs_x = 0, .ofs_y = -1},
    {.bitmap_index = 13426, .adv_w = 288, .box_w = 18, .box_h = 15, .ofs_x = 0, .ofs_y = -1},
    {.bitmap_index = 13460, .adv_w = 288, .box_w = 17, .box_h = 16, .ofs_x = 1, .ofs_y = -1},
    {.bitmap_index = 13494, .adv_w = 288, .box_w = 16, .box_h = 16, .ofs_x = 1, .ofs_y = -1},
    {.bitmap_index = 13526, .adv_w = 288, .box_w = 16, .box_h = 16, .ofs_x = 1, .ofs_y = -1},
    {.bitmap_index = 13558, .adv_w = 288, .box_w = 17, .box_h = 15, .ofs_x = 1, .ofs_y = -1},
    {.bitmap_index = 13590, .adv_w = 288, .box_w = 17, .box_h = 15, .ofs_x = 1, .ofs_y = -1},
    {.bitmap_index = 13622, .adv_w = 288, .box_w = 18, .box_h = 16, .ofs_x = 0, .ofs_y = -1},
    {.bitmap_index = 13658, .adv_w = 288, .box_w = 17, .box_h = 16, .ofs_x = 1, .ofs_y = -1},
    {.bitmap_index = 13692, .adv_w = 288, .box_w = 16, .box_h = 15, .ofs_x = 1, .ofs_y = -1},
    {.bitmap_index = 13722, .adv_w = 288, .box_w = 16, .box_h = 16, .ofs_x = 1, .ofs_y = -1},
    {.bitmap_index = 13754, .adv_w = 288, .box_w = 16, .box_h = 15, .ofs_x = 1, .ofs_y = -1},
    {.bitmap_index = 13784, .adv_w = 288, .box_w = 16, .box_h = 16, .ofs_x = 1, .ofs_y = -1},
    {.bitmap_index = 13816, .adv_w = 288, .box_w = 17, .box_h = 16, .ofs_x = 0, .ofs_y = -1},
    {.bitmap_index = 13850, .adv_w = 288, .box_w = 17, .box_h = 17, .ofs_x = 0, .ofs_y = -2},
    {.bitmap_index = 13887, .adv_w = 288, .box_w = 17, .box_h = 17, .ofs_x = 0, .ofs_y = -2},
    {.bitmap_index = 13924, .adv_w = 288, .box_w = 17, .box_h = 16, .ofs_x = 0, .ofs_y = -1},
    {.bitmap_index = 13958, .adv_w = 288, .box_w = 17, .box_h = 16, .ofs_x = 0, .ofs_y = -1},
    {.bitmap_index = 13992, .adv_w = 288, .box_w = 16, .box_h = 16, .ofs_x = 1, .ofs_y = -1},
    {.bitmap_index = 14024, .adv_w = 288, .box_w = 16, .box_h = 16, .ofs_x = 1, .ofs_y = -1},
    {.bitmap_index = 14056, .adv_w = 288, .box_w = 15, .box_h = 16, .ofs_x = 1, .ofs_y = -1},
    {.bitmap_index = 14086, .adv_w = 288, .box_w = 15, .box_h = 16, .ofs_x = 1, .ofs_y = -1},
    {.bitmap_index = 14116, .adv_w = 288, .box_w = 15, .box_h = 16, .ofs_x = 1, .ofs_y = -1},
    {.bitmap_index = 14146, .adv_w = 288, .box_w = 16, .box_h = 16, .ofs_x = 1, .ofs_y = -1},
    {.bitmap_index = 14178, .adv_w = 288, .box_w = 16, .box_h = 15, .ofs_x = 1, .ofs_y = -1},
    {.bitmap_index = 14208, .adv_w = 288, .box_w = 16, .box_h = 16, .ofs_x = 1, .ofs_y = -1},
    {.bitmap_index = 14240, .adv_w = 288, .box_w = 16, .box_h = 16, .ofs_x = 1, .ofs_y = -1},
    {.bitmap_index = 14272, .adv_w = 288, .box_w = 17, .box_h = 16, .ofs_x = 1, .ofs_y = -1},
    {.bitmap_index = 14306, .adv_w = 288, .box_w = 16, .box_h = 15, .ofs_x = 1, .ofs_y = -1},
    {.bitmap_index = 14336, .adv_w = 288, .box_w = 17, .box_h = 16, .ofs_x = 1, .ofs_y = -1},
    {.bitmap_index = 14370, .adv_w = 288, .box_w = 16, .box_h = 16, .ofs_x = 1, .ofs_y = -1},
    {.bitmap_index = 14402, .adv_w = 288, .box_w = 16, .box_h = 16, .ofs_x = 1, .ofs_y = -1},
    {.bitmap_index = 14434, .adv_w = 288, .box_w = 16, .box_h = 15, .ofs_x = 1, .ofs_y = -1},
    {.bitmap_index = 14464, .adv_w = 288, .box_w = 16, .box_h = 16, .ofs_x = 1, .ofs_y = -1},
    {.bitmap_index = 14496, .adv_w = 288, .box_w = 16, .box_h = 16, .ofs_x = 1, .ofs_y = -2},
    {.bitmap_index = 14528, .adv_w = 288, .box_w = 17, .box_h = 16, .ofs_x = 1, .ofs_y = -2},
    {.bitmap_index = 14562, .adv_w = 288, .box_w = 16, .box_h = 16, .ofs_x = 1, .ofs_y = -1},
    {.bitmap_index = 14594, .adv_w = 288, .box_w = 17, .box_h = 17, .ofs_x = 1, .ofs_y = -2},
    {.bitmap_index = 14631, .adv_w = 288, .box_w = 16, .box_h = 15, .ofs_x = 1, .ofs_y = -1},
    {.bitmap_index = 14661, .adv_w = 288, .box_w = 18, .box_h = 16, .ofs_x = 0, .ofs_y = -1},
    {.bitmap_index = 14697, .adv_w = 288, .box_w = 17, .box_h = 15, .ofs_x = 1, .ofs_y = -1},
    {.bitmap_index = 14729, .adv_w = 288, .box_w = 17, .box_h = 16, .ofs_x = 1, .ofs_y = -1},
    {.bitmap_index = 14763, .adv_w = 288, .box_w = 2, .box_h = 13, .ofs_x = 3, .ofs_y = 0},
    {.bitmap_index = 14767, .adv_w = 288, .box_w = 6, .box_h = 6, .ofs_x = 6, .ofs_y = 10},
    {.bitmap_index = 14772, .adv_w = 288, .box_w = 12, .box_h = 13, .ofs_x = 3, .ofs_y = 0},
    {.bitmap_index = 14792, .adv_w = 288, .box_w = 10, .box_h = 18, .ofs_x = 4, .ofs_y = -2},
    {.bitmap_index = 14815, .adv_w = 288, .box_w = 16, .box_h = 14, .ofs_x = 1, .ofs_y = 0},
    {.bitmap_index = 14843, .adv_w = 288, .box_w = 12, .box_h = 13, .ofs_x = 3, .ofs_y = 0},
    {.bitmap_index = 14863, .adv_w = 288, .box_w = 2, .box_h = 6, .ofs_x = 8, .ofs_y = 10},
    {.bitmap_index = 14865, .adv_w = 288, .box_w = 5, .box_h = 17, .ofs_x = 12, .ofs_y = -2},
    {.bitmap_index = 14876, .adv_w = 288, .box_w = 5, .box_h = 17, .ofs_x = 1, .ofs_y = -2},
    {.bitmap_index = 14887, .adv_w = 288, .box_w = 13, .box_h = 14, .ofs_x = 3, .ofs_y = 0},
    {.bitmap_index = 14910, .adv_w = 288, .box_w = 13, .box_h = 13, .ofs_x = 2, .ofs_y = 0},
    {.bitmap_index = 14932, .adv_w = 288, .box_w = 4, .box_h = 7, .ofs_x = 2, .ofs_y = -3},
    {.bitmap_index = 14936, .adv_w = 288, .box_w = 13, .box_h = 1, .ofs_x = 2, .ofs_y = 6},
    {.bitmap_index = 14938, .adv_w = 288, .box_w = 3, .box_h = 3, .ofs_x = 3, .ofs_y = 0},
    {.bitmap_index = 14940, .adv_w = 288, .box_w = 16, .box_h = 17, .ofs_x = 1, .ofs_y = -2},
    {.bitmap_index = 14974, .adv_w = 288, .box_w = 10, .box_h = 13, .ofs_x = 4, .ofs_y = 0},
    {.bitmap_index = 14991, .adv_w = 288, .box_w = 10, .box_h = 13, .ofs_x = 4, .ofs_y = 0},
    {.bitmap_index = 15008, .adv_w = 288, .box_w = 10, .box_h = 13, .ofs_x = 4, .ofs_y = 0},
    {.bitmap_index = 15025, .adv_w = 288, .box_w = 10, .box_h = 13, .ofs_x = 3, .ofs_y = 0},
    {.bitmap_index = 15042, .adv_w = 288, .box_w = 11, .box_h = 13, .ofs_x = 4, .ofs_y = 0},
    {.bitmap_index = 15060, .adv_w = 288, .box_w = 10, .box_h = 13, .ofs_x = 4, .ofs_y = 0},
    {.bitmap_index = 15077, .adv_w = 288, .box_w = 10, .box_h = 13, .ofs_x = 4, .ofs_y = 0},
    {.bitmap_index = 15094, .adv_w = 288, .box_w = 10, .box_h = 14, .ofs_x = 4, .ofs_y = -1},
    {.bitmap_index = 15112, .adv_w = 288, .box_w = 10, .box_h = 13, .ofs_x = 4, .ofs_y = 0},
    {.bitmap_index = 15129, .adv_w = 288, .box_w = 10, .box_h = 13, .ofs_x = 4, .ofs_y = 0},
    {.bitmap_index = 15146, .adv_w = 288, .box_w = 3, .box_h = 12, .ofs_x = 3, .ofs_y = 0},
    {.bitmap_index = 15151, .adv_w = 288, .box_w = 3, .box_h = 15, .ofs_x = 3, .ofs_y = -3},
    {.bitmap_index = 15157, .adv_w = 288, .box_w = 14, .box_h = 14, .ofs_x = 2, .ofs_y = 0},
    {.bitmap_index = 15182, .adv_w = 288, .box_w = 13, .box_h = 6, .ofs_x = 2, .ofs_y = 4},
    {.bitmap_index = 15192, .adv_w = 288, .box_w = 14, .box_h = 14, .ofs_x = 2, .ofs_y = 0},
    {.bitmap_index = 15217, .adv_w = 288, .box_w = 8, .box_h = 13, .ofs_x = 1, .ofs_y = 0},
    {.bitmap_index = 15230, .adv_w = 288, .box_w = 15, .box_h = 16, .ofs_x = 1, .ofs_y = -1},
    {.bitmap_index = 15260, .adv_w = 288, .box_w = 12, .box_h = 13, .ofs_x = 3, .ofs_y = 0},
    {.bitmap_index = 15280, .adv_w = 288, .box_w = 11, .box_h = 13, .ofs_x = 4, .ofs_y = 0},
    {.bitmap_index = 15298, .adv_w = 288, .box_w = 11, .box_h = 14, .ofs_x = 4, .ofs_y = 0},
    {.bitmap_index = 15318, .adv_w = 288, .box_w = 11, .box_h = 13, .ofs_x = 4, .ofs_y = 0},
    {.bitmap_index = 15336, .adv_w = 288, .box_w = 9, .box_h = 13, .ofs_x = 5, .ofs_y = 0},
    {.bitmap_index = 15351, .adv_w = 288, .box_w = 9, .box_h = 14, .ofs_x = 5, .ofs_y = -1},
    {.bitmap_index = 15367, .adv_w = 288, .box_w = 12, .box_h = 14, .ofs_x = 3, .ofs_y = 0},
    {.bitmap_index = 15388, .adv_w = 288, .box_w = 11, .box_h = 13, .ofs_x = 4, .ofs_y = 0},
    {.bitmap_index = 15406, .adv_w = 288, .box_w = 9, .box_h = 13, .ofs_x = 5, .ofs_y = 0},
    {.bitmap_index = 15421, .adv_w = 288, .box_w = 8, .box_h = 14, .ofs_x = 5, .ofs_y = 0},
    {.bitmap_index = 15435, .adv_w = 288, .box_w = 11, .box_h = 13, .ofs_x = 4, .ofs_y = 0},
    {.bitmap_index = 15453, .adv_w = 288, .box_w = 9, .box_h = 14, .ofs_x = 5, .ofs_y = 0},
    {.bitmap_index = 15469, .adv_w = 288, .box_w = 13, .box_h = 13, .ofs_x = 2, .ofs_y = 0},
    {.bitmap_index = 15491, .adv_w = 288, .box_w = 11, .box_h = 13, .ofs_x = 4, .ofs_y = 0},
    {.bitmap_index = 15509, .adv_w = 288, .box_w = 13, .box_h = 14, .ofs_x = 3, .ofs_y = 0},
    {.bitmap_index = 15532, .adv_w = 288, .box_w = 10, .box_h = 13, .ofs_x = 4, .ofs_y = 0},
    {.bitmap_index = 15549, .adv_w = 288, .box_w = 14, .box_h = 17, .ofs_x = 3, .ofs_y = -3},
    {.bitmap_index = 15579, .adv_w = 288, .box_w = 11, .box_h = 13, .ofs_x = 4, .ofs_y = 0},
    {.bitmap_index = 15597, .adv_w = 288, .box_w = 11, .box_h = 14, .ofs_x = 3, .ofs_y = 0},
    {.bitmap_index = 15617, .adv_w = 288, .box_w = 11, .box_h = 14, .ofs_x = 3, .ofs_y = -1},
    {.bitmap_index = 15637, .adv_w = 288, .box_w = 11, .box_h = 14, .ofs_x = 4, .ofs_y = 0},
    {.bitmap_index = 15657, .adv_w = 288, .box_w = 12, .box_h = 13, .ofs_x = 3, .ofs_y = 0},
    {.bitmap_index = 15677, .adv_w = 288, .box_w = 18, .box_h = 13, .ofs_x = 0, .ofs_y = 0},
    {.bitmap_index = 15707, .adv_w = 288, .box_w = 12, .box_h = 13, .ofs_x = 3, .ofs_y = 0},
    {.bitmap_index = 15727, .adv_w = 288, .box_w = 12, .box_h = 13, .ofs_x = 3, .ofs_y = 0},
    {.bitmap_index = 15747, .adv_w = 288, .box_w = 11, .box_h = 13, .ofs_x = 4, .ofs_y = 0},
    {.bitmap_index = 15765, .adv_w = 288, .box_w = 5, .box_h = 16, .ofs_x = 13, .ofs_y = -1},
    {.bitmap_index = 15775, .adv_w = 288, .box_w = 16, .box_h = 17, .ofs_x = 1, .ofs_y = -2},
    {.bitmap_index = 15809, .adv_w = 288, .box_w = 5, .box_h = 16, .ofs_x = 0, .ofs_y = -1},
    {.bitmap_index = 15819, .adv_w = 288, .box_w = 6, .box_h = 2, .ofs_x = 6, .ofs_y = 15},
    {.bitmap_index = 15821, .adv_w = 288, .box_w = 18, .box_h = 1, .ofs_x = 0, .ofs_y = -2},
    {.bitmap_index = 15824, .adv_w = 288, .box_w = 4, .box_h = 3, .ofs_x = 6, .ofs_y = 14},
    {.bitmap_index = 15826, .adv_w = 288, .box_w = 9, .box_h = 10, .ofs_x = 4, .ofs_y = 0},
    {.bitmap_index = 15838, .adv_w = 288, .box_w = 10, .box_h = 14, .ofs_x = 4, .ofs_y = 0},
    {.bitmap_index = 15856, .adv_w = 288, .box_w = 9, .box_h = 10, .ofs_x = 5, .ofs_y = 0},
    {.bitmap_index = 15868, .adv_w = 288, .box_w = 10, .box_h = 14, .ofs_x = 4, .ofs_y = 0},
    {.bitmap_index = 15886, .adv_w = 288, .box_w = 10, .box_h = 10, .ofs_x = 4, .ofs_y = 0},
    {.bitmap_index = 15899, .adv_w = 288, .box_w = 10, .box_h = 14, .ofs_x = 5, .ofs_y = 0},
    {.bitmap_index = 15917, .adv_w = 288, .box_w = 11, .box_h = 14, .ofs_x = 4, .ofs_y = -4},
    {.bitmap_index = 15937, .adv_w = 288, .box_w = 9, .box_h = 14, .ofs_x = 5, .ofs_y = 0},
    {.bitmap_index = 15953, .adv_w = 288, .box_w = 2, .box_h = 14, .ofs_x = 8, .ofs_y = 0},
    {.bitmap_index = 15957, .adv_w = 288, .box_w = 7, .box_h = 18, .ofs_x = 4, .ofs_y = -4},
    {.bitmap_index = 15973, .adv_w = 288, .box_w = 10, .box_h = 14, .ofs_x = 5, .ofs_y = 0},
    {.bitmap_index = 15991, .adv_w = 288, .box_w = 6, .box_h = 14, .ofs_x = 8, .ofs_y = 0},
    {.bitmap_index = 16002, .adv_w = 288, .box_w = 16, .box_h = 10, .ofs_x = 1, .ofs_y = 0},
    {.bitmap_index = 16022, .adv_w = 288, .box_w = 9, .box_h = 10, .ofs_x = 4, .ofs_y = 0},
    {.bitmap_index = 16034, .adv_w = 288, .box_w = 10, .box_h = 10, .ofs_x = 4, .ofs_y = 0},
    {.bitmap_index = 16047, .adv_w = 288, .box_w = 10, .box_h = 14, .ofs_x = 4, .ofs_y = -4},
    {.bitmap_index = 16065, .adv_w = 288, .box_w = 10, .box_h = 14, .ofs_x = 4, .ofs_y = -4},
    {.bitmap_index = 16083, .adv_w = 288, .box_w = 8, .box_h = 10, .ofs_x = 6, .ofs_y = 0},
    {.bitmap_index = 16093, .adv_w = 288, .box_w = 10, .box_h = 10, .ofs_x = 4, .ofs_y = 0},
    {.bitmap_index = 16106, .adv_w = 288, .box_w = 9, .box_h = 12, .ofs_x = 4, .ofs_y = 0},
    {.bitmap_index = 16120, .adv_w = 288, .box_w = 9, .box_h = 10, .ofs_x = 4, .ofs_y = 0},
    {.bitmap_index = 16132, .adv_w = 288, .box_w = 10, .box_h = 10, .ofs_x = 4, .ofs_y = 0},
    {.bitmap_index = 16145, .adv_w = 288, .box_w = 16, .box_h = 10, .ofs_x = 1, .ofs_y = 0},
    {.bitmap_index = 16165, .adv_w = 288, .box_w = 10, .box_h = 10, .ofs_x = 4, .ofs_y = 0},
    {.bitmap_index = 16178, .adv_w = 288, .box_w = 10, .box_h = 13, .ofs_x = 4, .ofs_y = -4},
    {.bitmap_index = 16195, .adv_w = 288, .box_w = 9, .box_h = 10, .ofs_x = 5, .ofs_y = 0},
    {.bitmap_index = 16207, .adv_w = 288, .box_w = 6, .box_h = 16, .ofs_x = 12, .ofs_y = -1},
    {.bitmap_index = 16219, .adv_w = 288, .box_w = 1, .box_h = 18, .ofs_x = 9, .ofs_y = -2},
    {.bitmap_index = 16222, .adv_w = 288, .box_w = 6, .box_h = 16, .ofs_x = 0, .ofs_y = -1},
    {.bitmap_index = 16234, .adv_w = 288, .box_w = 16, .box_h = 5, .ofs_x = 1, .ofs_y = 4},
    {.bitmap_index = 16244, .adv_w = 288, .box_w = 7, .box_h = 17, .ofs_x = 10, .ofs_y = -2},
    {.bitmap_index = 16259, .adv_w = 288, .box_w = 7, .box_h = 17, .ofs_x = 1, .ofs_y = -2},
    {.bitmap_index = 16274, .adv_w = 144, .box_w = 6, .box_h = 5, .ofs_x = 1, .ofs_y = -1},
    {.bitmap_index = 16278, .adv_w = 144, .box_w = 6, .box_h = 11, .ofs_x = 2, .ofs_y = 4},
    {.bitmap_index = 16287, .adv_w = 144, .box_w = 6, .box_h = 11, .ofs_x = 1, .ofs_y = -1},
    {.bitmap_index = 16296, .adv_w = 144, .box_w = 6, .box_h = 5, .ofs_x = 0, .ofs_y = -1},
    {.bitmap_index = 16300, .adv_w = 144, .box_w = 3, .box_h = 3, .ofs_x = 3, .ofs_y = 5}
};

/*---------------------
 *  CHARACTER MAPPING
 *--------------------*/

static const uint16_t unicode_list_1[] = {
    0x0, 0x1f5c, 0x1f5d, 0x1f5e, 0x1f5f, 0x1f61, 0x1f62, 0x1f63,
    0x1f65, 0x1f66, 0x1f67, 0x1f69, 0x1f6a, 0x1f6b, 0x1f6e, 0x1f6f
};

static const uint16_t unicode_list_4[] = {
    0x0, 0xa, 0xb, 0xd, 0xe, 0x24, 0x2a, 0x2d,
    0x34, 0x3a, 0x45, 0x5f, 0x66, 0x86, 0x8b, 0x8e,
    0xab, 0xae, 0xba, 0xce, 0xd3, 0xd6, 0xf6, 0xfb,
    0x11a, 0x146, 0x14e, 0x153, 0x155, 0x15c, 0x17f, 0x18b,
    0x1bf, 0x1dd, 0x1e1, 0x23c, 0x25c, 0x2a8, 0x2cf, 0x348,
    0x349, 0x34d, 0x365, 0x368, 0x371, 0x373, 0x376, 0x377,
    0x37c, 0x385, 0x38d, 0x399, 0x3b2, 0x3c6, 0x3ed, 0x3fa,
    0x3fd, 0x406, 0x407, 0x412, 0x417, 0x41b, 0x41d, 0x424,
    0x429, 0x430, 0x436, 0x437, 0x43b, 0x44d, 0x49f, 0x4a0,
    0x4a1, 0x4a8, 0x516, 0x539, 0x53a, 0x547, 0x555, 0x560,
    0x573, 0x58b, 0x59f, 0x5cd, 0x5d1, 0x5d6, 0x5d8, 0x5e3,
    0x5ea, 0x5ef, 0x5f7, 0x604, 0x60c, 0x60d, 0x60e, 0x62f,
    0x64a, 0x668, 0x68c, 0x724, 0x868, 0x8de, 0x8e0, 0x8f4,
    0x8fa, 0x928, 0x947, 0x957, 0xa5e, 0xa6b, 0xb04, 0xb07,
    0xb0d, 0xb16, 0xb1a, 0xb1f, 0xb27, 0xb29, 0xb2a, 0xb31,
    0xb57, 0xbcb, 0xd57, 0xd58, 0xd83, 0xd89, 0xd8c, 0xd9a,
    0xd9e, 0xdb9, 0xdc4, 0xdc6, 0xdf9, 0xe0f, 0xe1a, 0xe1d,
    0xe42, 0xe4f, 0xe65, 0xff2, 0xffe, 0x1026, 0x1038, 0x1055,
    0x1073, 0x1076, 0x107f, 0x108f, 0x1093, 0x1094, 0x1095, 0x10a6,
    0x10fa, 0x1100, 0x1102, 0x110f, 0x1115, 0x1120, 0x1153, 0x1155,
    0x1185, 0x1197, 0x11ae, 0x11c3, 0x11c5, 0x123b, 0x1262, 0x12c5,
    0x130f, 0x1410, 0x1416, 0x144b, 0x144d, 0x1453, 0x146b, 0x147e,
    0x148a, 0x14a5, 0x14c9, 0x14d2, 0x14e9, 0x1501, 0x1509, 0x1511,
    0x1562, 0x156e, 0x15a5, 0x15a7, 0x15a8, 0x15cf, 0x1658, 0x16ad,
    0x16cd, 0x16e6, 0x1736, 0x173e, 0x1745, 0x1770, 0x1774, 0x1787,
    0x17ad, 0x17b0, 0x17b9, 0x17e0, 0x17f6, 0x180e, 0x182f, 0x183e,
    0x186f, 0x1870, 0x1882, 0x18dc, 0x18f4, 0x1909, 0x191f, 0x192a,
    0x192c, 0x193a, 0x1942, 0x1961, 0x1965, 0x197f, 0x1990, 0x199c,
    0x19e5, 0x1a07, 0x1a21, 0x1a37, 0x1a38, 0x1a48, 0x1a4c, 0x1c21,
    0x1c59, 0x1d21, 0x1d62, 0x1d63, 0x1d64, 0x1d65, 0x1dcf, 0x1e42,
    0x1ea1, 0x1ed5, 0x1ee2, 0x1f41, 0x1f4b, 0x2005, 0x22b9, 0x22ed,
    0x2336, 0x2448, 0x24ec, 0x2606, 0x271f, 0x2728, 0x2731, 0x2735,
    0x2884, 0x28f4, 0x28f8, 0x290b, 0x293c, 0x2961, 0x29e5, 0x29ed,
    0x2a01, 0x2a6e, 0x2b3a, 0x2bcd, 0x2bd2, 0x2bf0, 0x2c0d, 0x2c7a,
    0x2ccb, 0x2d14, 0x2d2c, 0x2d49, 0x2da1, 0x2e4d, 0x2f20, 0x2f27,
    0x30a2, 0x30a7, 0x30af, 0x30bf, 0x30cf, 0x30d3, 0x30dc, 0x30dd,
    0x30e7, 0x30ed, 0x3113, 0x3129, 0x3151, 0x316e, 0x31fb, 0x3205,
    0x320c, 0x32cc, 0x32fd, 0x331a, 0x3338, 0x33ea, 0x3472, 0x3482,
    0x3550, 0x35dc, 0x3784, 0x37cf, 0x3a4c, 0x3a61, 0x3a68, 0x3b81,
    0x3bc1, 0x3bc6, 0x3be3, 0x3da1, 0x3da4, 0x3db0, 0x3dbe, 0x3dc1,
    0x3dd5, 0x3de6, 0x3def, 0x3df7, 0x3dfb, 0x3e03, 0x3e61, 0x3f25,
    0x3f62, 0x3f85, 0x3fb3, 0x3fd1, 0x3fef, 0x4183, 0x4193, 0x41a8,
    0x41c7, 0x41d0, 0x41d1, 0x41d4, 0x41d8, 0x41d9, 0x41db, 0x41de,
    0x4200, 0x4209, 0x42e8, 0x42fd, 0x434d, 0x4392, 0x43c7, 0x43ca,
    0x43cc, 0x43cd, 0x43cf, 0x469f, 0x46fa, 0x4701, 0x4710, 0x4719,
    0x472e, 0x477f, 0x47ed, 0x47ee, 0x47f4, 0x4805, 0x481f, 0x483b,
    0x4844, 0x4864, 0x488f, 0x4900, 0x4959, 0x495e, 0x4960, 0x4962,
    0x49f3, 0x4a75, 0x4a7a, 0x4a7b, 0x4a91, 0x4a98, 0x4c8c, 0x4d13,
    0x50d8
};

/*Collect the unicode lists and glyph_id offsets*/
static const lv_font_fmt_txt_cmap_t cmaps[] =
{
    {
        .range_start = 32, .range_length = 95, .glyph_id_start = 1,
        .unicode_list = NULL, .glyph_id_ofs_list = NULL, .list_length = 0, .type = LV_FONT_FMT_TXT_CMAP_FORMAT0_TINY
    },
    {
        .range_start = 183, .range_length = 8048, .glyph_id_start = 96,
        .unicode_list = unicode_list_1, .glyph_id_ofs_list = NULL, .list_length = 16, .type = LV_FONT_FMT_TXT_CMAP_SPARSE_TINY
    },
    {
        .range_start = 12288, .range_length = 49, .glyph_id_start = 112,
        .unicode_list = NULL, .glyph_id_ofs_list = NULL, .list_length = 0, .type = LV_FONT_FMT_TXT_CMAP_FORMAT0_TINY
    },
    {
        .range_start = 12342, .range_length = 10, .glyph_id_start = 161,
        .unicode_list = NULL, .glyph_id_ofs_list = NULL, .list_length = 0, .type = LV_FONT_FMT_TXT_CMAP_FORMAT0_TINY
    },
    {
        .range_start = 19968, .range_length = 20697, .glyph_id_start = 171,
        .unicode_list = unicode_list_4, .glyph_id_ofs_list = NULL, .list_length = 385, .type = LV_FONT_FMT_TXT_CMAP_SPARSE_TINY
    },
    {
        .range_start = 65281, .range_length = 101, .glyph_id_start = 556,
        .unicode_list = NULL, .glyph_id_ofs_list = NULL, .list_length = 0, .type = LV_FONT_FMT_TXT_CMAP_FORMAT0_TINY
    }
};



/*--------------------
 *  ALL CUSTOM DATA
 *--------------------*/

#if LVGL_VERSION_MAJOR == 8
/*Store all the custom data of the font*/
static  lv_font_fmt_txt_glyph_cache_t cache;
#endif

#if LVGL_VERSION_MAJOR >= 8
static const lv_font_fmt_txt_dsc_t font_dsc = {
#else
static lv_font_fmt_txt_dsc_t font_dsc = {
#endif
    .glyph_bitmap = glyph_bitmap,
    .glyph_dsc = glyph_dsc,
    .cmaps = cmaps,
    .kern_dsc = NULL,
    .kern_scale = 0,
    .cmap_num = 6,
    .bpp = 1,
    .kern_classes = 0,
    .bitmap_format = 0,
#if LVGL_VERSION_MAJOR == 8
    .cache = &cache
#endif
};



/*-----------------
 *  PUBLIC FONT
 *----------------*/

/*Initialize a public general font descriptor*/
#if LVGL_VERSION_MAJOR >= 8
const lv_font_t linepods_font_ui_18 = {
#else
lv_font_t linepods_font_ui_18 = {
#endif
    .get_glyph_dsc = lv_font_get_glyph_dsc_fmt_txt,    /*Function pointer to get glyph's data*/
    .get_glyph_bitmap = lv_font_get_bitmap_fmt_txt,    /*Function pointer to get glyph's bitmap*/
    .line_height = 25,          /*The maximum line height required by the font*/
    .base_line = 6,             /*Baseline measured from the bottom of the line*/
#if !(LVGL_VERSION_MAJOR == 6 && LVGL_VERSION_MINOR == 0)
    .subpx = LV_FONT_SUBPX_NONE,
#endif
#if LV_VERSION_CHECK(7, 4, 0) || LVGL_VERSION_MAJOR >= 8
    .underline_position = -2,
    .underline_thickness = 1,
#endif
    .dsc = &font_dsc,          /*The custom font data. Will be accessed by `get_glyph_bitmap/dsc` */
#if LV_VERSION_CHECK(8, 2, 0) || LVGL_VERSION_MAJOR >= 9
    .fallback = NULL,
#endif
    .user_data = NULL,
};



#endif /*#if LINEPODS_FONT_UI_18*/

